Respondent ID,Collector ID,CompletionTimeMinutes,End Date,FavorEntryLevel,FavorConventionalSoon,FavorOnlineEducation,FavorAI,HeardOfUdacity,HeardOfUdemy,HeardOfCoursera,HeardOfPluralsight,HeardOfLynda,Industry,FavorRegulation,ReportedIncome,ReportedAge,SurveyMonkeyAge,SurveyMonkeyIncome,SurveyMonkeyRegion,IsReportedMale,IsReportedFemale,IsReportedNonbinary,IsUnreportedGender,IsReportedIncomePreferNotDisclose,IsSurveyMonkeyMale,IsSurveyMonkeyFemale,IsSurveyMonkeyUnreportedGender,IsSurveyMonkeyIncomePreferNotDisclose,IsManager,IsUnemployed,IsMale,IsFemale
10561908032,226270653,2,2/28/2019 13:29,7,3,7,9,1,1,1,0,1,4,2,10,3,,,,1,0,0,0,0,0,0,1,0,1,0,1,0
10560220683,226270653,2,2/27/2019 21:44,5,2,8,5,1,1,1,0,0,2,5,,2,,,,1,0,0,0,1,0,0,1,0,0,0,1,0
10559914087,226270653,1,2/27/2019 18:21,7,7,8,10,1,1,1,0,0,4,2,4,3,,,,1,0,0,0,0,0,0,1,0,1,0,1,0
10557533216,226271827,3,2/26/2019 21:22,8,5,7,9,1,0,1,0,1,10,10,5,2,,,,1,0,0,0,0,0,0,1,0,0,0,1,0
10557422036,226271827,2,2/26/2019 20:13,5,1,5,10,1,1,1,0,1,2,8,10,3,,,,0,1,0,0,0,0,0,1,0,1,0,0,1
10556471061,226270653,1,2/26/2019 13:12,9,10,10,10,1,1,1,0,1,6,4,4,3,,,,1,0,0,0,0,0,0,1,0,0,0,1,0
10556299681,226271827,1,2/26/2019 12:11,6,6,9,6,1,1,1,0,1,6,2,8,5,,,,0,1,0,0,0,0,0,1,0,1,0,0,1
10554412696,226271827,2,2/25/2019 18:20,3,10,10,10,1,1,1,1,1,6,5,,2,,,,1,0,0,0,1,0,0,1,0,0,0,1,0
10554131926,226270653,9,2/25/2019 16:12,10,4,5,5,0,0,0,0,0,5,5,5,5,,,,0,1,0,0,0,0,0,1,0,0,1,0,1
10553709229,226271827,1,2/25/2019 13:28,4,7,5,1,1,1,1,0,1,6,10,6,2,,,,0,1,0,0,0,0,0,1,0,0,0,0,1
10553293320,226271827,2,2/25/2019 11:01,8,7,9,7,1,1,0,0,1,6,6,,3,,,,1,0,0,0,1,0,0,1,0,1,0,1,0
10553068161,226271827,1,2/25/2019 9:42,7,9,9,10,1,1,1,0,0,6,5,5,2,,,,1,0,0,0,0,0,0,1,0,0,0,1,0
10552888404,226270653,3,2/25/2019 8:30,8,3,6,8,0,0,0,0,0,10,7,8,2,,,,0,1,0,0,0,0,0,1,0,0,0,0,1
10552788027,226270653,2,2/25/2019 7:38,8,10,6,3,0,0,0,0,0,10,2,6,4,,,,1,0,0,0,0,0,0,1,0,1,0,1,0
10552289421,226272122,1,2/25/2019 1:16,10,10,10,10,1,1,1,1,1,12,10,3,3,3,3,2,1,0,0,0,0,1,0,0,0,1,0,1,0
10552285110,226272122,1,2/25/2019 1:11,7,6,6,3,1,0,0,0,0,11,5,6,4,4,6,9,1,0,0,0,0,1,0,0,0,1,0,1,0
10552285006,226272122,1,2/25/2019 1:11,10,10,10,6,0,0,0,0,0,10,7,4,5,5,4,2,1,0,0,0,0,1,0,0,0,0,0,1,0
10552278866,226272122,1,2/25/2019 1:05,6,6,8,6,1,0,0,0,0,5,9,9,3,4,4,9,1,0,0,0,0,1,0,0,0,0,0,1,0
10552278012,226272122,1,2/25/2019 1:05,6,8,5,3,0,0,0,0,1,1,9,5,4,4,4,9,1,0,0,0,0,1,0,0,0,1,0,1,0
10552277912,226272122,2,2/25/2019 1:05,7,10,10,8,0,0,0,0,1,2,7,4,4,4,4,8,1,0,0,0,0,1,0,0,0,1,0,1,0
10552277571,226272122,2,2/25/2019 1:04,9,10,10,10,1,1,0,0,0,5,10,3,5,5,3,9,1,0,0,0,0,1,0,0,0,1,0,1,0
10552276940,226272122,1,2/25/2019 1:04,4,3,4,5,0,0,1,0,0,6,6,6,2,4,3,3,1,0,0,0,0,1,0,0,0,0,0,1,0
10552276049,226272122,2,2/25/2019 1:03,4,5,1,3,0,0,0,0,1,6,6,5,4,4,5,9,1,0,0,0,0,1,0,0,0,0,1,1,0
10552275417,226272122,2,2/25/2019 1:02,10,7,6,6,0,0,0,0,1,7,7,4,4,4,4,8,1,0,0,0,0,1,0,0,0,0,0,1,0
10552263134,226272122,2,2/25/2019 0:47,10,5,10,5,0,0,0,0,0,8,10,2,4,4,2,3,1,0,0,0,0,1,0,0,0,0,0,1,0
10552248698,226272122,5,2/25/2019 0:31,6,4,7,4,0,0,0,0,0,11,5,6,3,3,6,4,1,0,0,0,0,1,0,0,0,1,0,1,0
10552232944,226272122,2,2/25/2019 0:13,5,8,7,7,0,1,0,0,0,10,7,4,3,3,4,5,1,0,0,0,0,1,0,0,0,1,0,1,0
10552220799,226272122,1,2/24/2019 23:59,10,7,10,8,0,1,0,1,0,3,9,7,3,2,5,4,1,0,0,0,0,1,0,0,0,1,0,1,0
10552218615,226272122,2,2/24/2019 23:57,10,10,10,10,1,0,0,0,0,4,8,2,2,2,1,3,0,1,0,0,0,0,1,0,0,0,0,0,1
10552186991,226272122,,2/24/2019 23:23,5,3,10,9,0,0,0,1,0,8,6,8,4,4,5,3,1,0,0,0,0,1,0,0,0,1,0,1,0
10552175425,226271827,1,2/24/2019 23:11,8,9,7,6,1,1,1,0,1,10,7,6,2,,,,1,0,0,0,0,0,0,1,0,1,0,1,0
10552175144,226272122,2,2/24/2019 23:11,1,1,1,4,0,1,1,0,1,5,6,3,4,4,3,5,1,0,0,0,0,1,0,0,0,0,0,1,0
10552174655,226272122,3,2/24/2019 23:10,7,4,5,6,0,0,0,0,1,6,4,5,4,4,5,9,1,0,0,0,0,1,0,0,0,0,1,1,0
10552172767,226272122,1,2/24/2019 23:08,7,10,8,6,0,0,1,0,0,4,10,8,4,4,6,9,1,0,0,0,0,1,0,0,0,1,0,1,0
10552172744,226272122,1,2/24/2019 23:08,5,5,4,8,0,0,0,0,0,11,5,3,5,5,3,7,1,0,0,0,0,1,0,0,0,0,1,1,0
10552172518,226272122,1,2/24/2019 23:08,1,3,5,7,0,0,0,0,0,9,6,,4,4,8,6,1,0,0,0,1,1,0,0,0,1,0,1,0
10552172421,226272122,1,2/24/2019 23:08,6,10,10,10,0,1,1,1,1,10,10,3,4,4,3,8,0,1,0,0,0,1,0,0,0,1,0,1,1
10552171689,226272122,,2/24/2019 23:07,3,8,6,5,0,0,1,0,1,6,6,7,4,4,6,9,1,0,0,0,0,1,0,0,0,1,0,1,0
10552163063,226272122,3,2/24/2019 22:58,6,5,6,5,0,1,0,0,0,6,6,7,3,3,8,7,1,0,0,0,0,1,0,0,0,1,0,1,0
10552162754,226272122,3,2/24/2019 22:58,2,4,6,7,0,0,0,0,0,9,8,3,3,3,2,6,1,0,0,0,0,1,0,0,0,0,0,1,0
10552162734,226272122,3,2/24/2019 22:58,1,1,1,10,1,0,0,0,0,11,1,7,1,2,4,5,1,0,0,0,0,1,0,0,0,1,0,1,0
10552162558,226272122,2,2/24/2019 22:57,3,1,3,5,0,0,0,0,0,11,6,5,3,3,5,5,1,0,0,0,0,1,0,0,0,1,0,1,0
10552162473,226272122,3,2/24/2019 22:57,6,6,8,5,0,0,0,0,1,5,7,4,3,3,4,3,1,0,0,0,0,1,0,0,0,1,0,1,0
10552162319,226272122,2,2/24/2019 22:57,3,6,9,5,0,0,0,0,0,5,5,2,2,2,,9,0,1,0,0,0,0,1,0,1,0,1,0,1
10552162263,226272122,1,2/24/2019 22:57,5,5,5,4,1,0,0,0,0,8,6,5,3,3,4,3,1,0,0,0,0,1,0,0,0,1,0,1,0
10552162224,226272122,2,2/24/2019 22:57,10,1,4,1,0,0,0,0,0,7,1,2,2,3,2,5,0,0,1,0,0,1,0,0,0,0,0,1,0
10552162153,226272122,2,2/24/2019 22:57,8,7,10,7,0,0,1,0,0,10,7,4,3,3,5,3,1,0,0,0,0,1,0,0,0,0,0,1,0
10552162102,226272122,2,2/24/2019 22:57,5,8,6,6,0,1,0,0,1,10,8,3,2,2,3,5,1,0,0,0,0,1,0,0,0,0,1,1,0
10552162088,226272122,1,2/24/2019 22:57,7,8,4,9,0,0,0,0,0,2,5,4,2,2,3,5,1,0,0,0,0,1,0,0,0,0,1,1,0
10552162048,226272122,2,2/24/2019 22:57,8,5,5,4,1,1,1,0,1,6,10,9,2,2,10,3,1,0,0,0,0,1,0,0,0,1,0,1,0
10552161997,226272122,1,2/24/2019 22:57,10,10,10,10,0,0,1,1,1,2,10,10,2,3,7,5,1,0,0,0,0,1,0,0,0,1,0,1,0
10552161966,226272122,3,2/24/2019 22:57,6,3,4,5,0,0,0,0,1,10,5,4,3,3,3,4,1,0,0,0,0,1,0,0,0,0,0,1,0
10552161877,226272122,3,2/24/2019 22:57,9,6,7,8,0,0,0,0,0,4,8,4,2,2,1,7,1,0,0,0,0,1,0,0,0,0,0,1,0
10552161762,226272122,,2/24/2019 22:56,5,5,6,3,0,0,1,0,0,6,6,2,2,2,3,1,1,0,0,0,0,1,0,0,0,1,0,1,0
10552161531,226272122,,2/24/2019 22:56,7,5,8,8,0,0,1,0,0,10,9,,3,2,2,7,0,0,1,0,1,1,0,0,0,0,0,1,0
10552161523,226272122,1,2/24/2019 22:56,8,6,5,3,0,0,0,0,0,9,5,8,3,3,8,5,1,0,0,0,0,1,0,0,0,0,0,1,0
10552161319,226272122,2,2/24/2019 22:56,7,6,8,2,0,0,0,0,0,10,3,4,2,2,4,9,1,0,0,0,0,1,0,0,0,0,1,1,0
10552157325,226272122,1,2/24/2019 22:52,5,7,5,5,1,0,1,0,0,2,6,2,2,2,1,3,1,0,0,0,0,1,0,0,0,0,0,1,0
10552154963,226272122,3,2/24/2019 22:49,5,5,8,2,1,0,0,0,0,10,1,3,4,4,4,4,0,1,0,0,0,0,1,0,0,0,0,0,1
10552153894,226272122,5,2/24/2019 22:51,7,7,9,9,1,0,0,0,0,11,8,2,4,4,2,8,1,0,0,0,0,1,0,0,0,0,0,1,0
10552153672,226272122,4,2/24/2019 22:48,5,5,5,1,0,0,0,0,0,10,4,6,4,4,,5,0,1,0,0,0,0,1,0,1,0,1,0,1
10552153562,226272122,3,2/24/2019 22:48,7,3,3,8,1,1,1,0,0,6,3,5,5,5,5,5,0,1,0,0,0,0,1,0,0,0,0,0,1
10552153517,226272122,2,2/24/2019 22:48,6,7,8,6,1,1,0,0,0,10,6,4,4,4,4,1,0,1,0,0,0,0,1,0,0,1,0,0,1
10552153089,226272122,2,2/24/2019 22:47,6,9,8,3,0,0,0,0,0,11,2,3,5,4,3,9,0,1,0,0,0,0,1,0,0,0,1,0,1
10552152672,226272122,1,2/24/2019 22:47,8,8,9,9,0,0,0,0,0,5,7,8,4,4,8,5,0,1,0,0,0,0,1,0,0,1,0,0,1
10552152667,226272122,2,2/24/2019 22:47,5,9,8,8,0,0,1,0,0,10,7,6,4,4,5,6,0,1,0,0,0,0,1,0,0,0,0,0,1
10552151899,226272122,2,2/24/2019 22:46,8,3,6,5,0,0,0,0,0,12,10,5,4,4,5,2,0,1,0,0,0,0,1,0,0,0,0,0,1
10552151780,226272122,2,2/24/2019 22:46,7,7,5,9,1,0,0,0,0,10,4,6,5,5,5,3,0,1,0,0,0,0,1,0,0,0,1,0,1
10552151705,226272122,3,2/24/2019 22:46,10,5,10,1,0,0,0,0,0,5,5,2,5,5,2,6,0,1,0,0,0,0,1,0,0,0,1,0,1
10552151541,226272122,2,2/24/2019 22:46,10,8,6,7,0,0,0,0,0,6,7,4,4,4,4,4,1,0,0,0,0,1,0,0,0,0,0,1,0
10552151214,226272122,2,2/24/2019 22:45,9,7,9,6,0,0,0,0,0,6,5,4,4,4,4,8,0,1,0,0,0,0,1,0,0,0,0,0,1
10552151208,226272122,2,2/24/2019 22:45,4,5,4,1,0,0,1,0,0,10,9,7,4,4,6,3,0,1,0,0,0,0,1,0,0,1,0,0,1
10552150914,226272122,1,2/24/2019 22:45,6,1,5,10,0,0,0,0,0,11,5,4,4,4,4,3,0,1,0,0,0,0,1,0,0,1,0,0,1
10552150849,226272122,1,2/24/2019 22:45,8,5,10,2,0,0,0,0,0,2,1,6,4,4,6,6,0,1,0,0,0,0,1,0,0,0,0,0,1
10552150756,226272122,2,2/24/2019 22:45,7,8,9,6,0,0,1,0,0,5,7,3,4,4,8,5,0,1,0,0,0,0,1,0,0,0,0,0,1
10552150734,226272122,2,2/24/2019 22:45,5,6,4,4,0,0,0,0,0,5,3,9,4,4,9,5,1,0,0,0,0,1,0,0,0,0,0,1,0
10552150286,226272122,2,2/24/2019 22:44,7,4,5,7,0,0,0,0,0,10,8,2,4,4,3,5,0,1,0,0,0,0,1,0,0,0,0,0,1
10552150160,226272122,2,2/24/2019 22:44,5,3,8,2,0,0,1,0,0,4,7,3,4,4,3,2,0,1,0,0,0,0,1,0,0,0,0,0,1
10552150133,226272122,1,2/24/2019 22:44,6,7,7,3,0,1,0,0,0,4,5,2,4,4,1,6,0,1,0,0,0,0,1,0,0,0,0,0,1
10552150067,226272122,2,2/24/2019 22:44,3,7,6,2,0,0,0,0,0,4,5,4,5,5,4,7,0,1,0,0,0,0,1,0,0,0,0,0,1
10552147515,226272122,2,2/24/2019 22:41,5,4,8,5,0,0,0,0,0,10,8,5,4,4,5,5,0,1,0,0,0,0,1,0,0,0,0,0,1
10552140161,226272122,2,2/24/2019 22:33,7,6,10,9,1,0,0,0,0,5,1,3,2,2,4,9,1,0,0,0,0,1,0,0,0,0,0,1,0
10552136119,226272122,3,2/24/2019 22:29,3,5,3,2,0,0,0,0,1,6,3,5,4,,,,1,0,0,0,0,0,0,1,0,0,0,1,0
10552133355,226272122,3,2/24/2019 22:26,5,1,6,1,0,0,0,0,0,2,4,3,5,5,3,4,0,1,0,0,0,0,1,0,0,0,1,0,1
10552133121,226272122,2,2/24/2019 22:26,2,2,2,1,0,1,1,0,1,10,2,5,4,5,5,5,0,1,0,0,0,0,1,0,0,0,0,0,1
10552133091,226272122,3,2/24/2019 22:26,5,5,1,1,0,0,0,0,0,5,8,4,4,4,4,6,0,1,0,0,0,0,1,0,0,0,0,0,1
10552133056,226272122,3,2/24/2019 22:26,10,10,10,10,0,0,0,1,0,2,9,1,5,5,1,9,0,1,0,0,0,0,1,0,0,0,1,0,1
10552132798,226272122,2,2/24/2019 22:25,10,10,10,10,0,0,0,1,0,10,10,2,4,4,2,8,0,1,0,0,0,0,1,0,0,0,0,0,1
10552132633,226272122,1,2/24/2019 22:25,6,5,5,6,0,1,0,0,0,3,6,4,4,4,4,5,0,1,0,0,0,0,1,0,0,0,0,0,1
10552132259,226272122,2,2/24/2019 22:25,10,10,10,3,1,0,0,0,0,2,2,6,4,4,6,3,0,1,0,0,0,0,1,0,0,0,0,0,1
10552131708,226272122,1,2/24/2019 22:24,9,4,2,9,0,0,0,1,0,8,9,10,4,4,9,9,0,1,0,0,0,0,1,0,0,0,0,0,1
10552131579,226272122,1,2/24/2019 22:24,8,8,5,6,0,0,0,0,0,5,5,6,3,5,6,9,0,1,0,0,0,0,1,0,0,1,0,0,1
10552123027,226271827,2,2/24/2019 22:15,7,8,7,7,1,1,1,1,1,7,6,4,3,,,,0,1,0,0,0,0,0,1,0,1,0,0,1
10552119700,226272122,1,2/24/2019 22:11,10,3,6,3,0,0,0,0,1,11,8,3,2,2,3,2,0,1,0,0,0,0,1,0,0,0,0,0,1
10552118410,226272122,2,2/24/2019 22:10,5,7,9,1,0,1,0,0,0,10,5,4,2,2,1,9,1,0,0,0,0,1,0,0,0,0,0,1,0
10552115183,226272122,2,2/24/2019 22:07,9,10,10,10,0,0,1,0,0,10,10,3,2,2,3,9,1,0,0,0,0,1,0,0,0,1,0,1,0
10552109394,226272122,2,2/24/2019 22:00,6,8,6,7,1,1,1,0,1,11,8,,4,4,3,5,0,0,1,0,1,1,0,0,0,1,0,1,0
10552108891,226272122,2,2/24/2019 22:00,6,5,7,5,0,0,1,0,0,11,6,3,4,4,3,3,1,0,0,0,0,1,0,0,0,0,0,1,0
10552107780,226272122,2,2/24/2019 21:59,8,5,9,6,0,0,0,1,0,7,10,6,4,4,6,8,1,0,0,0,0,1,0,0,0,1,0,1,0
10552107476,226272122,2,2/24/2019 21:58,1,6,4,3,1,0,0,0,0,2,7,6,4,4,5,2,1,0,0,0,0,1,0,0,0,1,0,1,0
10552107369,226272122,2,2/24/2019 21:58,6,4,5,4,1,0,0,0,0,3,5,7,4,4,7,5,1,0,0,0,0,1,0,0,0,0,0,1,0
10552107307,226272122,,2/24/2019 21:58,4,5,6,7,0,0,1,0,0,7,7,6,3,4,6,3,1,0,0,0,0,1,0,0,0,1,0,1,0
10552098254,226272122,1,2/24/2019 21:49,6,4,4,5,1,0,0,0,0,5,5,3,2,2,3,9,0,1,0,0,0,0,1,0,0,0,0,0,1
10552092059,226272122,3,2/24/2019 21:43,6,4,7,6,0,0,1,0,0,11,7,3,2,2,,7,0,1,0,0,0,0,1,0,1,0,0,0,1
10552091863,226272122,1,2/24/2019 21:43,8,4,6,6,0,1,0,0,1,3,7,3,2,2,2,7,0,1,0,0,0,0,1,0,0,1,0,0,1
10552085958,226272122,2,2/24/2019 21:37,6,5,6,9,0,0,0,0,0,5,7,8,5,5,7,3,0,1,0,0,0,0,1,0,0,0,0,0,1
10552085932,226272122,2,2/24/2019 21:37,2,1,3,5,0,0,0,0,0,7,5,4,5,5,4,8,0,1,0,0,0,0,1,0,0,1,0,0,1
10552085918,226272122,2,2/24/2019 21:37,4,5,6,5,0,0,0,0,1,5,5,5,4,4,3,3,0,1,0,0,0,0,1,0,0,0,0,0,1
10552085756,226272122,2,2/24/2019 21:37,10,8,10,6,0,0,0,1,0,5,8,2,4,4,2,5,0,1,0,0,0,0,1,0,0,1,0,0,1
10552085505,226272122,2,2/24/2019 21:36,8,6,5,5,0,0,0,1,0,10,5,,4,4,,7,0,1,0,0,1,0,1,0,1,0,0,0,1
10552085243,226272122,1,2/24/2019 21:36,10,8,7,7,0,0,0,1,0,5,8,6,5,5,5,5,0,1,0,0,0,0,1,0,0,1,0,0,1
10552084596,226272122,1,2/24/2019 21:35,3,5,3,1,0,1,0,0,0,2,9,6,5,5,7,6,0,1,0,0,0,0,1,0,0,1,0,0,1
10552082385,226272122,1,2/24/2019 21:33,6,6,6,6,0,0,0,0,1,5,6,3,4,4,3,1,0,1,0,0,0,0,1,0,0,0,0,0,1
10552079936,226272122,12,2/24/2019 21:31,7,5,5,5,0,0,0,1,0,10,5,2,2,2,,9,1,0,0,0,0,1,0,0,1,0,0,1,0
10552071491,226272122,2,2/24/2019 21:22,4,3,8,4,1,0,0,0,0,10,5,4,4,4,4,5,0,1,0,0,0,0,1,0,0,0,1,0,1
10552070647,226272122,2,2/24/2019 21:22,10,6,6,6,1,1,0,0,1,6,6,4,4,4,4,5,1,0,0,0,0,1,0,0,0,0,0,1,0
10552066253,226272122,2,2/24/2019 21:17,6,6,8,6,0,0,1,0,0,6,5,4,4,4,4,9,0,1,0,0,0,0,1,0,0,0,0,0,1
10552065612,226272122,2,2/24/2019 21:17,9,3,2,3,0,0,0,0,0,5,8,10,3,3,10,9,0,1,0,0,0,0,1,0,0,0,0,0,1
10552065371,226272122,1,2/24/2019 21:17,3,4,7,2,0,1,0,0,0,6,8,1,1,2,1,3,1,0,0,0,0,1,0,0,0,0,0,1,0
10552058539,226272122,1,2/24/2019 21:10,5,6,7,5,1,0,0,0,0,6,5,3,2,2,1,3,1,0,0,0,0,1,0,0,0,1,0,1,0
10552056216,226272122,2,2/24/2019 21:07,5,10,10,10,1,0,0,0,0,5,5,2,2,2,2,9,0,1,0,0,0,0,1,0,0,0,0,0,1
10552055301,226272122,2,2/24/2019 21:07,5,6,6,5,0,0,0,0,0,5,7,7,3,3,8,2,0,1,0,0,0,0,1,0,0,0,0,0,1
10552050696,226272122,1,2/24/2019 21:02,7,7,7,8,0,0,0,1,0,2,7,,1,2,,9,1,0,0,0,1,1,0,0,1,1,0,1,0
10552045660,226272122,2,2/24/2019 20:57,8,4,5,2,0,0,1,0,0,10,5,5,3,3,,9,1,0,0,0,0,1,0,0,1,0,0,1,0
10552044375,226272122,6,2/24/2019 20:55,6,7,10,5,0,0,1,0,0,6,3,4,4,4,3,8,0,1,0,0,0,0,1,0,0,1,0,0,1
10552043691,226272122,2,2/24/2019 20:55,9,8,8,7,1,1,1,1,1,6,7,5,3,3,5,6,1,0,0,0,0,1,0,0,0,0,0,1,0
10552042966,226272122,2,2/24/2019 20:54,6,8,4,6,0,0,0,0,0,10,1,4,3,3,4,4,1,0,0,0,0,1,0,0,0,1,0,1,0
10552041849,226272122,2,2/24/2019 20:53,10,5,8,6,1,0,0,0,0,10,7,3,5,5,3,4,1,0,0,0,0,1,0,0,0,0,0,1,0
10552040931,226272122,1,2/24/2019 20:52,6,4,7,4,0,1,0,0,0,6,3,6,3,3,6,5,0,1,0,0,0,0,1,0,0,1,0,0,1
10552039782,226272122,1,2/24/2019 20:51,4,5,7,5,0,0,1,0,0,8,8,7,3,3,5,9,0,1,0,0,0,0,1,0,0,1,0,0,1
10552039698,226272122,1,2/24/2019 20:51,10,10,8,6,0,0,0,0,1,8,10,3,2,2,2,4,0,1,0,0,0,0,1,0,0,0,0,0,1
10552039504,226272122,4,2/24/2019 20:51,1,1,1,1,0,0,0,0,0,8,10,3,4,4,4,6,1,0,0,0,0,1,0,0,0,0,0,1,0
10552039491,226272122,5,2/24/2019 20:51,8,7,6,4,0,1,0,0,0,4,6,5,3,3,5,7,0,1,0,0,0,0,1,0,0,0,0,0,1
10552039454,226272122,4,2/24/2019 20:51,6,4,4,3,1,0,0,0,0,6,10,,5,5,7,9,1,0,0,0,1,1,0,0,0,1,0,1,0
10552039155,226272122,3,2/24/2019 20:50,3,3,7,3,0,0,0,0,0,7,4,4,4,4,3,4,1,0,0,0,0,1,0,0,0,1,0,1,0
10552038739,226272122,3,2/24/2019 20:50,8,3,8,3,0,0,0,0,0,4,9,3,5,5,4,8,1,0,0,0,0,1,0,0,0,1,0,1,0
10552037963,226272122,3,2/24/2019 20:49,6,6,6,1,0,0,0,0,0,1,2,3,5,5,3,5,1,0,0,0,0,1,0,0,0,1,0,1,0
10552037910,226272122,3,2/24/2019 20:49,4,7,3,3,1,0,0,0,0,10,9,3,4,4,3,5,1,0,0,0,0,1,0,0,0,0,0,1,0
10552037734,226272122,3,2/24/2019 20:49,6,6,8,7,0,1,0,0,0,10,8,5,3,3,4,6,0,1,0,0,0,0,1,0,0,1,0,0,1
10552037715,226272122,1,2/24/2019 20:49,2,7,5,2,0,0,1,0,0,6,6,7,3,2,6,9,1,0,0,0,0,1,0,0,0,1,0,1,0
10552037331,226272122,2,2/24/2019 20:48,5,5,5,5,0,0,0,0,0,5,9,,3,3,,3,0,1,0,0,1,0,1,0,1,0,0,0,1
10552037326,226272122,2,2/24/2019 20:48,7,1,5,9,0,0,0,0,0,6,6,5,4,4,5,5,1,0,0,0,0,1,0,0,0,0,0,1,0
10552037302,226272122,1,2/24/2019 20:48,8,7,8,6,1,0,0,0,0,3,6,4,3,4,3,4,1,0,0,0,0,1,0,0,0,1,0,1,0
10552037144,226272122,2,2/24/2019 20:48,8,7,9,8,1,0,0,0,0,2,10,3,3,3,3,3,0,1,0,0,0,0,1,0,0,1,0,0,1
10552037139,226272122,2,2/24/2019 20:48,9,5,3,9,1,0,0,0,0,11,5,5,2,2,5,2,0,1,0,0,0,0,1,0,0,0,0,0,1
10552037137,226272122,2,2/24/2019 20:48,8,10,1,5,0,0,0,0,0,1,2,5,4,4,5,3,1,0,0,0,0,1,0,0,0,0,0,1,0
10552037100,226272122,1,2/24/2019 20:48,1,6,8,5,0,0,0,1,0,5,6,1,2,2,1,4,1,0,0,0,0,1,0,0,0,0,0,1,0
10552036934,226272122,2,2/24/2019 20:48,7,3,5,5,1,0,0,0,0,8,9,1,2,2,1,9,0,1,0,0,0,0,1,0,0,0,0,0,1
10552036817,226272122,2,2/24/2019 20:48,1,4,9,1,0,1,0,0,0,2,1,9,3,3,,9,0,1,0,0,0,0,1,0,1,0,1,0,1
10552036800,226272122,2,2/24/2019 20:48,8,3,5,7,0,0,0,0,0,1,5,5,3,3,5,7,0,1,0,0,0,0,1,0,0,0,0,0,1
10552036794,226272122,2,2/24/2019 20:48,6,5,4,4,0,0,0,0,0,10,6,4,4,4,4,5,1,0,0,0,0,1,0,0,0,0,0,1,0
10552036627,226272122,2,2/24/2019 20:48,10,10,10,10,0,0,0,0,0,2,3,5,2,2,5,5,0,1,0,0,0,0,1,0,0,1,0,0,1
10552036372,226272122,1,2/24/2019 20:47,8,8,1,1,0,0,1,0,0,5,7,4,3,3,3,8,0,1,0,0,0,0,1,0,0,0,0,0,1
10552036197,226272122,1,2/24/2019 20:47,2,8,10,5,0,0,0,0,1,11,9,2,3,3,2,5,0,1,0,0,0,0,1,0,0,1,0,0,1
10552035556,226272122,,2/24/2019 20:46,1,1,1,1,1,0,0,0,0,5,1,4,2,2,7,3,0,1,0,0,0,0,1,0,0,0,0,0,1
10552035492,226272122,,2/24/2019 20:46,6,5,6,6,0,1,0,0,0,6,5,4,2,2,3,2,0,1,0,0,0,0,1,0,0,0,0,0,1
10552035441,226272122,,2/24/2019 20:46,8,7,7,6,0,1,1,0,1,11,9,4,2,2,2,1,0,1,0,0,0,0,1,0,0,0,0,0,1
10552034875,226272122,1,2/24/2019 20:46,1,3,4,6,0,1,0,0,0,5,6,7,3,2,4,6,0,1,0,0,0,0,1,0,0,1,0,0,1
10552032748,226272122,2,2/24/2019 20:44,6,4,5,4,0,1,0,0,0,10,7,,2,2,,9,0,1,0,0,1,0,1,0,1,0,1,0,1
10552026892,226272122,2,2/24/2019 20:38,8,10,10,10,0,1,1,1,1,6,7,2,2,2,3,7,1,0,0,0,0,1,0,0,0,0,0,1,0
10552026630,226272122,3,2/24/2019 20:38,7,4,10,6,1,0,1,0,0,10,5,1,2,2,6,9,0,1,0,0,0,0,1,0,0,0,0,0,1
10552025520,226272122,5,2/24/2019 20:36,10,1,2,5,0,0,0,0,1,10,1,1,3,3,2,3,0,1,0,0,0,0,1,0,0,1,0,0,1
10552025347,226272122,1,2/24/2019 20:36,8,8,9,7,1,0,0,1,1,6,9,9,2,2,10,6,1,0,0,0,0,1,0,0,0,1,0,1,0
10552024845,226272122,3,2/24/2019 20:36,5,6,7,7,1,0,0,0,0,11,8,7,3,3,4,8,0,1,0,0,0,0,1,0,0,1,0,0,1
10552016722,226272122,2,2/24/2019 20:28,6,6,4,5,0,0,0,0,1,10,6,4,4,4,3,7,0,1,0,0,0,0,1,0,0,0,0,0,1
10552010454,226272122,2,2/24/2019 20:22,5,7,4,7,0,0,1,0,0,8,6,5,1,2,4,7,1,0,0,0,0,1,0,0,0,0,0,1,0
10552006482,226272122,5,2/24/2019 20:18,9,10,8,4,0,0,0,0,0,10,6,3,4,4,3,4,0,1,0,0,0,0,1,0,0,0,1,0,1
10552005472,226272122,3,2/24/2019 20:16,10,10,10,6,0,0,0,0,0,11,7,2,4,4,2,5,0,1,0,0,0,0,1,0,0,1,0,0,1
10552004932,226272122,4,2/24/2019 20:16,8,6,5,6,0,0,0,0,0,10,5,6,4,4,4,2,0,1,0,0,0,0,1,0,0,0,0,0,1
10552004758,226272122,4,2/24/2019 20:16,2,5,5,5,0,0,0,1,0,4,2,5,4,5,4,1,0,1,0,0,0,0,1,0,0,1,0,0,1
10552004451,226272122,2,2/24/2019 20:15,2,5,10,7,0,0,0,0,1,6,5,4,4,4,4,9,0,1,0,0,0,0,1,0,0,0,0,0,1
10552004373,226272122,2,2/24/2019 20:15,10,3,2,2,0,0,0,1,0,2,6,6,4,4,6,2,0,1,0,0,0,0,1,0,0,0,0,0,1
10552004315,226272122,2,2/24/2019 20:15,4,2,1,1,0,0,0,0,1,10,6,7,4,4,6,1,0,1,0,0,0,0,1,0,0,0,0,0,1
10552004011,226272122,2,2/24/2019 20:15,7,1,6,3,1,0,0,0,0,10,6,2,4,4,3,8,0,1,0,0,0,0,1,0,0,1,0,0,1
10552003118,226272122,2,2/24/2019 20:14,8,7,7,8,0,0,0,0,1,5,10,4,4,4,4,5,0,1,0,0,0,0,1,0,0,1,0,0,1
10552002803,226272122,2,2/24/2019 20:14,5,5,7,5,0,0,0,0,0,10,4,4,4,4,6,7,0,1,0,0,0,0,1,0,0,0,0,0,1
10552002631,226272122,1,2/24/2019 20:13,7,5,7,5,1,1,1,0,1,6,7,,4,4,,8,0,1,0,0,1,0,1,0,1,0,0,0,1
10552001869,226272122,1,2/24/2019 20:13,9,1,6,5,0,0,0,0,0,2,1,3,3,2,2,4,0,1,0,0,0,0,1,0,0,0,0,0,1
10551999719,226272122,3,2/24/2019 20:11,7,4,10,10,1,0,1,0,0,2,3,4,3,3,4,9,1,0,0,0,0,1,0,0,0,0,0,1,0
10551996614,226272122,1,2/24/2019 20:07,4,4,5,5,0,0,0,0,1,6,5,6,2,4,3,3,0,0,1,0,0,1,0,0,0,0,0,1,0
10551996008,226272122,32,2/24/2019 20:07,8,10,6,2,0,0,1,0,0,2,7,6,3,3,5,2,0,1,0,0,0,0,1,0,0,1,0,0,1
10551994202,226272122,2,2/24/2019 20:05,3,4,3,3,0,0,0,1,0,2,8,4,4,4,4,3,0,1,0,0,0,0,1,0,0,0,0,0,1
10551987892,226272122,3,2/24/2019 19:58,5,10,5,7,0,0,0,0,1,6,3,1,4,4,1,8,1,0,0,0,0,1,0,0,0,0,1,1,0
10551984819,226272122,1,2/24/2019 19:55,7,3,6,6,0,0,0,0,0,7,10,3,2,2,3,7,0,1,0,0,0,0,1,0,0,0,0,0,1
10551984816,226272122,1,2/24/2019 19:55,5,6,6,6,0,1,1,0,0,6,7,,2,2,,2,0,0,1,0,1,1,0,0,1,0,0,1,0
10551984530,226272122,1,2/24/2019 19:55,4,9,7,7,1,1,1,0,0,10,4,3,2,2,3,5,1,0,0,0,0,1,0,0,0,1,0,1,0
10551981536,226272122,1,2/24/2019 19:52,8,8,6,5,0,1,0,1,1,6,7,5,3,3,5,9,1,0,0,0,0,1,0,0,0,0,0,1,0
10551978140,226272122,2,2/24/2019 19:48,5,7,9,6,0,0,1,0,0,8,9,4,4,4,4,3,1,0,0,0,0,1,0,0,0,0,0,1,0
10551976594,226272122,2,2/24/2019 19:47,10,10,10,8,1,1,1,1,0,6,6,5,2,2,1,9,0,1,0,0,0,0,1,0,0,0,0,0,1
10551976014,226272122,1,2/24/2019 19:46,8,8,7,5,0,0,0,0,0,2,5,6,3,3,6,2,0,1,0,0,0,0,1,0,0,0,0,0,1
10551976007,226270653,1,2/24/2019 19:46,10,10,10,6,1,1,0,0,0,10,1,8,3,,,,1,0,0,0,0,0,0,1,0,1,0,1,0
10551975835,226272122,1,2/24/2019 19:46,6,4,4,3,1,0,0,0,0,8,8,3,4,4,4,3,1,0,0,0,0,1,0,0,0,0,0,1,0
10551971823,226270653,2,2/24/2019 19:42,7,10,7,4,0,1,0,0,1,2,1,5,2,,,,1,0,0,0,0,0,0,1,0,0,0,1,0
10551971397,226272122,1,2/24/2019 19:41,10,9,8,7,0,0,0,0,1,10,5,5,2,2,3,3,0,1,0,0,0,0,1,0,0,0,0,0,1
10551969035,226272122,2,2/24/2019 19:39,10,7,10,5,0,0,0,0,1,10,8,,2,2,,5,0,1,0,0,1,0,1,0,1,0,1,0,1
10551968467,226272122,1,2/24/2019 19:38,3,1,1,1,0,0,0,1,0,2,1,5,4,5,5,4,0,1,0,0,0,0,1,0,0,1,0,0,1
10551968241,226272122,2,2/24/2019 19:38,6,6,7,3,0,0,0,0,0,5,8,3,4,4,3,6,0,1,0,0,0,0,1,0,0,1,0,0,1
10551968219,226272122,1,2/24/2019 19:38,10,5,10,5,0,0,0,0,0,10,10,6,3,4,5,3,0,1,0,0,0,0,1,0,0,1,0,0,1
10551968114,226272122,,2/24/2019 19:38,5,6,3,5,0,0,1,0,0,6,4,6,2,2,4,7,1,0,0,0,0,1,0,0,0,1,0,1,0
10551967391,226272122,,2/24/2019 19:37,3,3,5,4,0,0,1,0,0,3,5,3,3,4,3,4,0,1,0,0,0,0,1,0,0,0,0,0,1
10551967297,226272122,1,2/24/2019 19:37,10,5,6,10,0,1,0,0,0,10,10,4,2,2,3,3,0,1,0,0,0,0,1,0,0,0,0,0,1
10551966553,226272122,4,2/24/2019 19:37,7,5,8,3,0,0,0,0,0,2,6,3,5,5,3,8,0,1,0,0,0,0,1,0,0,0,0,0,1
10551966247,226272122,2,2/24/2019 19:36,5,1,6,1,0,0,0,1,0,6,10,5,4,4,5,3,1,0,0,0,0,1,0,0,0,0,0,1,0
10551963330,226272122,2,2/24/2019 19:33,5,5,6,4,1,0,0,0,0,5,5,5,5,5,4,4,0,1,0,0,0,0,1,0,0,0,0,0,1
10551963163,226272122,4,2/24/2019 19:33,8,6,6,6,0,0,0,1,0,12,6,6,4,4,5,4,1,0,0,0,0,1,0,0,0,1,0,1,0
10551962112,226272122,4,2/24/2019 19:32,1,1,8,10,0,0,0,0,0,11,10,3,5,5,3,8,1,0,0,0,0,1,0,0,0,0,0,1,0
10551960796,226272122,3,2/24/2019 19:31,8,7,5,6,0,0,0,0,1,12,7,6,5,5,8,2,1,0,0,0,0,1,0,0,0,1,0,1,0
10551960772,226272122,2,2/24/2019 19:31,6,6,10,5,0,0,0,0,0,2,9,8,4,4,8,5,1,0,0,0,0,1,0,0,0,0,0,1,0
10551960648,226272122,3,2/24/2019 19:31,10,10,10,3,0,1,0,0,0,6,7,5,4,4,5,8,1,0,0,0,0,1,0,0,0,0,0,1,0
10551960216,226272122,2,2/24/2019 19:30,6,6,7,8,1,1,1,0,1,2,8,6,4,4,6,9,1,0,0,0,0,1,0,0,0,0,0,1,0
10551960022,226272122,2,2/24/2019 19:30,8,6,6,4,0,0,0,0,0,10,7,8,4,4,7,9,1,0,0,0,0,1,0,0,0,1,0,1,0
10551959876,226272122,3,2/24/2019 19:30,5,10,10,5,0,0,0,0,0,2,6,8,4,5,7,5,1,0,0,0,0,1,0,0,0,0,0,1,0
10551959465,226272122,1,2/24/2019 19:29,3,2,4,3,0,0,0,0,1,6,4,7,4,4,6,9,1,0,0,0,0,1,0,0,0,1,0,1,0
10551959295,226271760,2,2/24/2019 19:29,5,4,8,5,0,1,0,0,1,8,7,4,3,,,,1,0,0,0,0,0,0,1,0,1,0,1,0
10551959151,226272122,2,2/24/2019 19:29,1,1,1,1,0,0,0,0,0,10,4,3,5,5,3,7,1,0,0,0,0,1,0,0,0,0,1,1,0
10551959149,226270653,7,2/24/2019 19:29,6,7,6,4,0,0,0,0,0,2,4,5,2,,,,0,1,0,0,0,0,0,1,0,0,0,0,1
10551958548,226272122,2,2/24/2019 19:28,4,8,6,2,0,0,0,0,0,2,4,4,4,4,4,3,0,1,0,0,0,0,1,0,0,0,0,0,1
10551955920,226272122,2,2/24/2019 19:26,8,6,6,4,1,1,1,0,1,6,4,8,3,3,7,7,1,0,0,0,0,1,0,0,0,1,0,1,0
10551954780,226272122,1,2/24/2019 19:24,6,7,4,6,0,0,0,1,1,4,7,5,2,2,2,5,1,0,0,0,0,1,0,0,0,1,0,1,0
10551954610,226272122,8,2/24/2019 19:24,5,5,5,5,0,0,0,0,0,11,5,,2,2,,8,1,0,0,0,1,1,0,0,1,0,0,1,0
10551948212,226272122,2,2/24/2019 19:18,10,4,10,6,0,0,1,0,0,6,10,3,2,2,2,2,0,1,0,0,0,0,1,0,0,0,0,0,1
10551946981,226272122,2,2/24/2019 19:17,10,7,7,5,1,1,1,0,0,5,3,3,2,2,3,6,0,1,0,0,0,0,1,0,0,0,1,0,1
10551946957,226271760,1,2/24/2019 19:17,8,9,9,8,1,1,1,0,1,2,8,5,2,,,,1,0,0,0,0,0,0,1,0,1,0,1,0
10551944210,226272122,1,2/24/2019 19:14,8,10,5,4,0,1,0,0,0,10,7,5,3,3,4,6,1,0,0,0,0,1,0,0,0,0,0,1,0
10551943563,226270653,2,2/24/2019 19:13,6,10,5,4,0,0,1,0,0,10,7,6,2,,,,1,0,0,0,0,0,0,1,0,1,0,1,0
10551943054,226272122,1,2/24/2019 19:13,2,5,2,6,0,0,0,0,0,10,5,4,4,4,3,9,0,1,0,0,0,0,1,0,0,0,0,0,1
10551942526,226271760,1,2/24/2019 19:12,8,6,8,1,0,1,0,1,1,6,7,4,2,,,,0,1,0,0,0,0,0,1,0,1,0,0,1
10551942035,226272122,1,2/24/2019 19:12,4,5,5,5,1,0,1,0,1,2,6,10,2,2,8,9,1,0,0,0,0,1,0,0,0,1,0,1,0
10551940036,226272122,2,2/24/2019 19:10,10,6,7,8,0,0,0,0,0,5,8,4,2,2,4,3,0,1,0,0,0,0,1,0,0,0,0,0,1
10551940029,226272122,2,2/24/2019 19:10,5,7,8,5,1,0,0,1,0,10,6,2,3,3,3,6,0,1,0,0,0,0,1,0,0,1,0,0,1
10551938264,226272122,2,2/24/2019 19:08,7,8,5,9,0,1,1,0,0,6,6,4,3,3,4,3,0,1,0,0,0,1,0,0,0,1,0,1,1
10551938196,226272122,2,2/24/2019 19:08,2,5,2,10,0,0,0,0,1,10,10,,3,4,,5,0,1,0,0,1,0,1,0,1,0,1,0,1
10551936818,226272122,,2/24/2019 19:06,7,7,7,8,0,1,0,0,0,4,8,8,2,4,8,5,1,0,0,0,0,1,0,0,0,1,0,1,0
10551936330,226272122,2,2/24/2019 19:06,1,5,1,1,1,0,0,0,0,7,5,10,4,4,10,5,0,1,0,0,0,0,1,0,0,0,0,0,1
10551932807,226272122,1,2/24/2019 19:02,9,7,10,7,1,0,0,0,0,11,9,5,2,2,4,9,0,1,0,0,0,0,1,0,0,0,0,0,1
10551932198,226272122,1,2/24/2019 19:02,7,3,5,9,1,0,1,0,0,5,7,4,2,2,4,2,1,0,0,0,0,1,0,0,0,1,0,1,0
10551931824,226272122,,2/24/2019 19:01,5,9,3,7,0,0,1,0,0,7,7,,2,2,,7,0,1,0,0,1,0,1,0,1,0,1,0,1
10551930008,226271760,2,2/24/2019 19:00,8,8,9,7,1,1,1,1,1,11,8,5,4,,,,1,0,0,0,0,0,0,1,0,1,0,1,0
10551927502,226271760,2,2/24/2019 18:57,2,1,5,9,1,0,0,0,0,4,5,5,3,,,,1,0,0,0,0,0,0,1,0,0,0,1,0
10551926687,226271760,2,2/24/2019 18:56,6,5,4,5,0,0,0,0,0,10,8,2,4,,,,1,0,0,0,0,0,0,1,0,0,0,1,0
10551926330,226271760,2,2/24/2019 18:56,10,10,10,8,1,0,1,0,0,10,8,3,4,,,,0,1,0,0,0,0,0,1,0,0,0,0,1
10551926150,226271760,2,2/24/2019 18:56,6,4,9,9,1,1,0,0,0,6,3,10,3,,,,1,0,0,0,0,0,0,1,0,1,0,1,0
10551925285,226271760,2,2/24/2019 18:55,7,9,9,8,1,0,0,0,0,11,9,9,4,,,,0,1,0,0,0,0,0,1,0,1,0,0,1
10551925082,226271760,1,2/24/2019 18:54,9,10,10,3,0,0,1,0,1,10,4,4,3,,,,0,1,0,0,0,0,0,1,0,0,1,0,1
10551924642,226271760,1,2/24/2019 18:54,10,6,6,8,0,1,1,0,0,11,8,3,2,,,,0,1,0,0,0,0,0,1,0,0,0,0,1
10551924433,226272122,5,2/24/2019 18:54,5,5,5,4,1,0,0,0,0,5,7,3,5,5,2,3,0,1,0,0,0,0,1,0,0,0,1,0,1
10551924237,226272122,3,2/24/2019 18:53,10,10,10,10,1,0,0,0,0,12,9,5,5,5,5,5,1,0,0,0,0,1,0,0,0,1,0,1,0
10551923660,226272122,4,2/24/2019 18:53,9,9,9,4,0,0,0,0,0,5,4,3,4,4,3,6,1,0,0,0,0,1,0,0,0,1,0,1,0
10551923516,226270653,6,2/24/2019 18:53,5,3,5,8,0,1,0,0,0,6,5,6,3,,,,1,0,0,0,0,0,0,1,0,1,0,1,0
10551922390,226272122,2,2/24/2019 18:52,1,2,3,3,1,0,0,0,0,8,1,7,4,4,6,8,1,0,0,0,0,1,0,0,0,1,0,1,0
10551922233,226271760,1,2/24/2019 18:51,5,8,8,5,0,1,1,0,0,2,1,2,3,,,,0,1,0,0,0,0,0,1,0,0,0,0,1
10551921673,226272122,2,2/24/2019 18:51,4,5,5,3,1,0,0,0,0,11,6,3,4,4,3,5,0,1,0,0,0,0,1,0,0,1,0,0,1
10551921377,226271760,1,2/24/2019 18:50,5,4,8,7,0,0,0,0,1,11,4,4,3,,,,0,1,0,0,0,0,0,1,0,0,0,0,1
10551921351,226272122,2,2/24/2019 18:50,10,10,10,10,0,0,0,0,1,5,6,6,4,4,5,5,0,1,0,0,0,0,1,0,0,1,0,0,1
10551921339,226272122,,2/24/2019 18:50,5,7,10,9,0,0,1,0,0,7,9,3,4,5,3,5,1,0,0,0,0,1,0,0,0,1,0,1,0
10551921219,226272122,2,2/24/2019 18:50,10,1,1,1,0,0,0,0,1,12,5,3,5,5,3,9,0,1,0,0,0,0,1,0,0,0,0,0,1
10551921218,226271760,6,2/24/2019 18:50,6,5,9,5,1,1,1,0,1,5,10,4,2,,,,0,1,0,0,0,0,0,1,0,1,0,0,1
10551921168,226272122,3,2/24/2019 18:50,10,6,6,5,0,0,1,0,0,10,8,4,2,,,,0,1,0,0,0,0,0,1,0,1,0,0,1
10551920654,226272122,2,2/24/2019 18:50,10,2,7,7,0,0,0,0,0,5,7,,5,5,,8,0,1,0,0,1,0,1,0,1,0,1,0,1
10551920565,226272122,2,2/24/2019 18:50,9,7,6,6,0,0,0,0,1,2,7,,4,4,3,5,0,1,0,0,1,0,1,0,0,0,0,0,1
10551919766,226272122,4,2/24/2019 18:52,8,3,8,8,1,0,0,0,0,3,4,9,4,4,7,2,0,1,0,0,0,0,1,0,0,1,0,0,1
10551918491,226272122,1,2/24/2019 18:47,10,10,10,3,0,1,0,0,0,6,9,3,2,2,2,8,0,1,0,0,0,0,1,0,0,1,0,0,1
10551918133,226272122,2,2/24/2019 18:47,7,4,3,5,0,1,0,0,1,10,10,10,2,2,6,5,0,1,0,0,0,0,1,0,0,0,0,0,1
10551917905,226271760,1,2/24/2019 18:47,3,10,9,4,0,0,0,0,0,10,5,2,3,,,,1,0,0,0,0,0,0,1,0,1,0,1,0
10551917709,226272122,2,2/24/2019 18:47,3,8,8,6,0,0,1,0,1,11,5,4,3,2,5,7,0,1,0,0,0,0,1,0,0,1,0,0,1
10551917564,226272122,1,2/24/2019 18:46,6,7,6,5,0,0,0,0,1,10,4,3,1,2,3,3,0,1,0,0,0,0,1,0,0,0,0,0,1
10551917484,226272122,,2/24/2019 18:46,10,10,10,10,0,0,0,0,0,4,10,10,3,3,10,2,0,1,0,0,0,0,1,0,0,1,0,0,1
10551916619,226270653,,2/24/2019 18:45,10,10,5,5,1,1,1,1,1,4,3,10,4,,,,1,0,0,0,0,0,0,1,0,1,0,1,0
10551914809,226272122,1,2/24/2019 18:43,4,3,10,5,1,0,0,0,0,10,7,3,5,5,4,5,0,1,0,0,0,0,1,0,0,0,0,0,1
10551914610,226271760,1,2/24/2019 18:43,7,7,9,7,0,1,1,0,0,2,9,4,2,,,,0,1,0,0,0,0,0,1,0,1,0,0,1
10551913824,226271760,2,2/24/2019 18:42,5,6,9,7,0,1,1,0,0,10,6,2,4,,,,0,1,0,0,0,0,0,1,0,0,0,0,1
10551913278,226271760,5,2/24/2019 18:42,8,9,8,8,1,1,0,0,0,6,8,5,3,,,,1,0,0,0,0,0,0,1,0,0,0,1,0
10551912151,226272122,2,2/24/2019 18:41,5,3,8,2,0,0,1,0,0,4,3,,5,5,,1,0,1,0,0,1,0,1,0,1,0,1,0,1
10551910193,226272122,4,2/24/2019 18:39,6,10,5,10,1,0,0,0,0,5,10,4,4,4,1,7,0,1,0,0,0,0,1,0,0,1,0,0,1
10551910061,226271760,2,2/24/2019 18:38,7,5,5,7,0,1,1,0,0,3,6,4,3,,,,0,1,0,0,0,0,0,1,0,0,0,0,1
10551908448,226271760,2,2/24/2019 18:37,4,6,6,5,0,1,1,0,1,10,9,4,3,,,,0,1,0,0,0,0,0,1,0,1,0,0,1
10551907817,226271760,4,2/24/2019 18:36,7,8,7,8,0,1,1,0,0,6,7,5,3,,,,1,0,0,0,0,0,0,1,0,0,0,1,0
10551907176,226272122,1,2/24/2019 18:35,8,7,9,5,0,1,0,0,0,5,8,1,2,2,1,9,0,1,0,0,0,0,1,0,0,0,0,0,1
10551906895,226271760,2,2/24/2019 18:35,3,5,4,5,1,1,0,0,1,6,5,3,5,,,,1,0,0,0,0,0,0,1,0,1,0,1,0
10551904647,226271760,1,2/24/2019 18:33,2,1,7,10,0,1,1,0,1,8,10,6,2,,,,0,1,0,0,0,0,0,1,0,0,0,0,1
10551900530,226271760,,2/24/2019 18:28,1,1,1,9,0,0,0,0,0,6,3,4,3,,,,1,0,0,0,0,0,0,1,0,1,0,1,0
10551897259,226271760,3,2/24/2019 18:25,8,5,6,7,1,0,1,0,0,6,10,10,4,,,,1,0,0,0,0,0,0,1,0,1,0,1,0
10551893991,226272122,1,2/24/2019 18:21,7,8,7,7,0,0,1,0,0,2,6,3,2,2,5,1,0,1,0,0,0,0,1,0,0,0,0,0,1
10551892610,226272122,2,2/24/2019 18:20,10,10,10,10,0,0,0,1,0,1,1,4,5,5,4,7,1,0,0,0,0,1,0,0,0,0,0,1,0
10551892547,226272122,2,2/24/2019 18:20,10,5,5,8,0,0,0,0,0,12,5,4,4,4,4,9,1,0,0,0,0,1,0,0,0,0,1,1,0
10551892380,226272122,2,2/24/2019 18:20,4,4,5,8,0,0,0,0,1,12,4,5,4,4,5,7,1,0,0,0,0,1,0,0,0,1,0,1,0
10551891710,226272122,2,2/24/2019 18:19,3,3,7,4,1,0,0,0,1,2,4,8,4,4,10,6,1,0,0,0,0,1,0,0,0,1,0,1,0
10551891554,226271760,1,2/24/2019 18:19,9,8,8,6,1,1,1,0,0,6,6,3,3,,,,0,1,0,0,0,0,0,1,0,1,0,0,1
10551890408,226272122,2,2/24/2019 18:17,6,4,7,5,0,0,0,0,1,7,6,3,3,3,3,8,1,0,0,0,0,1,0,0,0,1,0,1,0
10551889958,226272122,2,2/24/2019 18:17,1,1,5,1,0,0,1,0,0,5,10,10,2,2,4,2,0,1,0,0,0,0,1,0,0,0,0,0,1
10551887146,226271760,1,2/24/2019 18:14,10,10,10,6,0,1,1,0,0,10,8,2,4,,,,0,1,0,0,0,0,0,1,0,0,0,0,1
10551886937,226271760,1,2/24/2019 18:14,10,10,10,10,1,1,1,1,1,6,5,2,3,,,,1,0,0,0,0,0,0,1,0,0,0,1,0
10551886928,226271760,3,2/24/2019 18:14,9,7,10,6,0,0,0,0,0,11,7,2,3,,,,0,1,0,0,0,0,0,1,0,0,0,0,1
10551885142,226271760,2,2/24/2019 18:12,9,10,10,5,0,0,0,0,1,11,7,1,4,,,,0,1,0,0,0,0,0,1,0,0,0,0,1
10551883518,226271760,3,2/24/2019 18:10,1,1,7,10,0,0,0,0,0,6,9,6,5,,,,1,0,0,0,0,0,0,1,0,1,0,1,0
10551883227,226271760,1,2/24/2019 18:10,8,8,10,10,0,1,1,0,0,6,10,2,2,,,,0,1,0,0,0,0,0,1,0,0,0,0,1
10551882488,226271760,1,2/24/2019 18:09,8,7,10,9,0,1,0,0,1,6,1,2,2,,,,1,0,0,0,0,0,0,1,0,0,0,1,0
10551881825,226271760,1,2/24/2019 18:08,4,3,10,7,1,1,1,0,0,6,10,5,3,,,,1,0,0,0,0,0,0,1,0,0,0,1,0
10551881174,226271760,1,2/24/2019 18:08,5,3,7,5,0,1,0,0,0,10,5,2,2,,,,1,0,0,0,0,0,0,1,0,0,0,1,0
10551879624,226272122,2,2/24/2019 18:06,3,1,3,7,1,1,1,1,0,6,9,,3,3,,4,1,0,0,0,1,1,0,0,1,1,0,1,0
10551879609,226271760,1,2/24/2019 18:06,9,8,9,8,0,0,0,0,0,5,7,4,2,,,,1,0,0,0,0,0,0,1,0,0,0,1,0
10551879557,226271760,1,2/24/2019 18:06,8,4,7,7,1,1,1,0,0,10,7,6,3,,,,0,1,0,0,0,0,0,1,0,0,0,0,1
10551879308,226272122,1,2/24/2019 18:06,8,7,3,5,0,0,0,0,0,7,7,10,2,2,10,2,1,0,0,0,0,1,0,0,0,1,0,1,0
10551879282,226271760,2,2/24/2019 18:06,7,8,6,10,1,1,0,0,1,6,8,3,2,,,,1,0,0,0,0,0,0,1,0,1,0,1,0
10551878793,226272122,,2/24/2019 18:05,6,8,6,5,0,0,0,0,1,5,5,4,3,3,4,6,0,1,0,0,0,0,1,0,0,0,0,0,1
10551877283,226271760,5,2/24/2019 18:04,10,7,10,10,1,0,0,0,0,4,6,8,3,,,,1,0,0,0,0,0,0,1,0,0,0,1,0
10551877050,226271760,,2/24/2019 18:03,10,7,10,10,0,1,0,0,0,6,8,4,2,,,,0,1,0,0,0,0,0,1,0,0,0,0,1
10551874981,226271760,1,2/24/2019 18:01,7,6,7,4,0,1,1,0,0,4,7,4,3,,,,0,1,0,0,0,0,0,1,0,0,0,0,1
10551874816,226271760,2,2/24/2019 18:01,9,9,9,9,0,1,0,0,0,6,9,5,3,,,,0,1,0,0,0,0,0,1,0,0,0,0,1
10551874804,226271760,1,2/24/2019 18:01,5,4,5,5,0,1,0,0,0,6,5,2,3,,,,1,0,0,0,0,0,0,1,0,0,0,1,0
10551874504,226271760,4,2/24/2019 18:01,5,3,4,5,0,0,0,0,0,8,7,,3,,,,1,0,0,0,1,0,0,1,0,0,0,1,0
10551874485,226271760,2,2/24/2019 18:01,6,5,6,5,0,1,0,0,0,7,5,4,4,,,,0,1,0,0,0,0,0,1,0,0,0,0,1
10551874103,226271760,1,2/24/2019 18:00,6,8,10,9,1,1,1,0,0,6,8,3,2,,,,0,1,0,0,0,0,0,1,0,0,0,0,1
10551873623,226271760,2,2/24/2019 18:00,2,6,9,8,1,1,0,0,1,8,7,2,3,,,,1,0,0,0,0,0,0,1,0,0,0,1,0
10551873506,226271760,2,2/24/2019 18:00,4,3,7,10,0,0,1,0,0,10,10,3,3,,,,1,0,0,0,0,0,0,1,0,0,0,1,0
10551873415,226271760,1,2/24/2019 17:59,9,9,10,9,0,1,0,0,1,6,7,5,4,,,,1,0,0,0,0,0,0,1,0,1,0,1,0
10551873239,226271760,3,2/24/2019 17:59,8,8,10,9,0,0,0,0,0,4,2,10,4,,,,0,1,0,0,0,0,0,1,0,1,0,0,1
10551873235,226271760,7,2/24/2019 17:59,6,4,6,4,0,1,1,0,0,12,6,3,2,,,,1,0,0,0,0,0,0,1,0,1,0,1,0
10551873108,226271760,2,2/24/2019 17:59,8,9,10,8,0,1,0,0,0,5,7,3,3,,,,0,1,0,0,0,0,0,1,0,0,0,0,1
10551872877,226271760,2,2/24/2019 17:59,7,8,10,6,1,0,0,0,0,5,9,3,2,,,,0,1,0,0,0,0,0,1,0,0,0,0,1
10551872873,226271760,3,2/24/2019 17:59,9,9,10,8,0,0,0,0,0,10,4,10,3,,,,0,1,0,0,0,0,0,1,0,1,0,0,1
10551872804,226271760,3,2/24/2019 17:59,6,9,10,4,0,0,1,0,1,2,4,3,4,,,,0,1,0,0,0,0,0,1,0,1,0,0,1
10551872528,226271760,1,2/24/2019 17:59,6,6,5,6,0,0,0,0,1,4,4,5,3,,,,1,0,0,0,0,0,0,1,0,1,0,1,0
10551872252,226270653,3,2/24/2019 17:58,4,8,8,9,0,0,0,0,0,2,2,,2,,,,1,0,0,0,1,0,0,1,0,1,0,1,0
10551872196,226271760,1,2/24/2019 17:58,3,10,7,3,0,0,1,0,0,6,8,3,3,,,,0,1,0,0,0,0,0,1,0,0,0,0,1
10551872126,226271760,1,2/24/2019 17:58,2,3,2,3,0,1,1,0,0,2,9,2,2,,,,1,0,0,0,0,0,0,1,0,0,0,1,0
10551872098,226271760,1,2/24/2019 17:58,7,6,5,7,0,1,1,0,0,6,8,10,4,,,,1,0,0,0,0,0,0,1,0,1,0,1,0
10551872093,226271760,1,2/24/2019 17:58,2,1,10,8,1,1,1,0,0,2,8,3,3,,,,1,0,0,0,0,0,0,1,0,0,0,1,0
10551872069,226271760,2,2/24/2019 17:58,9,5,10,9,0,0,0,0,0,2,10,2,3,,,,1,0,0,0,0,0,0,1,0,0,0,1,0
10551871437,226271760,,2/24/2019 17:57,5,4,5,5,0,1,1,0,1,10,5,3,2,,,,1,0,0,0,0,0,0,1,0,0,0,1,0
10551871306,226271760,1,2/24/2019 17:57,8,6,10,2,0,0,0,0,0,4,7,4,2,,,,1,0,0,0,0,0,0,1,0,1,0,1,0
10551871206,226271760,,2/24/2019 17:57,5,7,6,8,0,1,1,0,1,6,7,5,2,,,,1,0,0,0,0,0,0,1,0,0,0,1,0
10551871108,226271760,4,2/24/2019 17:57,9,10,6,10,1,1,1,0,1,6,9,3,2,,,,1,0,0,0,0,0,0,1,0,0,0,1,0
10551870982,226271760,3,2/24/2019 17:57,10,6,3,7,0,0,0,0,0,12,2,4,5,,,,1,0,0,0,0,0,0,1,0,0,1,1,0
10551870901,226271760,2,2/24/2019 17:57,2,1,9,9,0,1,1,0,0,10,9,7,2,,,,1,0,0,0,0,0,0,1,0,0,1,1,0
10551870650,226271760,2,2/24/2019 17:57,8,6,7,9,1,1,1,0,0,4,4,3,2,,,,1,0,0,0,0,0,0,1,0,1,0,1,0
10551870645,226271760,2,2/24/2019 17:57,4,3,5,4,0,1,0,0,0,2,7,4,2,,,,0,1,0,0,0,0,0,1,0,1,0,0,1
10551870455,226271760,1,2/24/2019 17:56,10,10,10,10,0,0,0,0,1,7,8,2,4,,,,0,1,0,0,0,0,0,1,0,0,0,0,1
10551870096,226271760,1,2/24/2019 17:56,7,5,6,5,0,1,1,0,0,2,4,2,3,,,,1,0,0,0,0,0,0,1,0,0,0,1,0
10551870084,226271760,1,2/24/2019 17:56,4,5,5,6,1,1,1,1,1,6,7,3,2,,,,0,1,0,0,0,0,0,1,0,1,0,0,1
10551870050,226271760,1,2/24/2019 17:56,9,1,8,8,0,0,1,0,0,5,6,6,2,,,,0,1,0,0,0,0,0,1,0,1,0,0,1
10551870047,226271760,1,2/24/2019 17:56,10,8,10,6,0,1,1,0,0,2,2,3,3,,,,0,1,0,0,0,0,0,1,0,1,0,0,1
10551869969,226271760,2,2/24/2019 17:56,7,6,10,10,0,1,0,0,0,10,10,2,2,,,,0,1,0,0,0,0,0,1,0,0,0,0,1
10551869939,226271760,2,2/24/2019 17:56,10,3,8,7,0,1,0,0,0,6,8,2,4,,,,0,1,0,0,0,0,0,1,0,0,0,0,1
10551869879,226271760,1,2/24/2019 17:56,8,7,5,8,1,0,0,0,0,5,6,5,3,,,,0,1,0,0,0,0,0,1,0,1,0,0,1
10551869801,226271760,1,2/24/2019 17:56,6,5,5,6,1,1,0,0,0,3,5,3,2,,,,1,0,0,0,0,0,0,1,0,1,0,1,0
10551869436,226271760,1,2/24/2019 17:55,4,5,6,6,0,1,0,0,1,4,4,4,3,,,,0,1,0,0,0,0,0,1,0,0,0,0,1
10551869418,226271760,1,2/24/2019 17:55,7,4,8,5,0,0,1,0,0,4,3,5,3,,,,1,0,0,0,0,0,0,1,0,1,0,1,0
10551869367,226271760,1,2/24/2019 17:55,8,8,10,6,1,1,1,0,0,10,9,3,3,,,,1,0,0,0,0,0,0,1,0,0,0,1,0
10551869272,226271760,3,2/24/2019 17:55,7,8,5,6,0,0,0,0,0,10,10,2,3,,,,1,0,0,0,0,0,0,1,0,1,0,1,0
10551868908,226271760,2,2/24/2019 17:55,8,1,10,10,0,0,0,0,0,2,10,5,3,,,,1,0,0,0,0,0,0,1,0,1,0,1,0
10551868901,226271760,2,2/24/2019 17:55,8,2,7,8,1,1,1,0,1,7,9,3,3,,,,1,0,0,0,0,0,0,1,0,1,0,1,0
10551868838,226271760,2,2/24/2019 17:55,7,9,10,10,1,1,1,0,1,10,8,1,2,,,,1,0,0,0,0,0,0,1,0,0,1,1,0
10551868759,226271760,2,2/24/2019 17:55,7,9,7,2,0,0,0,0,1,12,5,5,4,,,,1,0,0,0,0,0,0,1,0,1,0,1,0
10551868598,226271760,1,2/24/2019 17:54,10,10,10,10,1,1,0,0,0,6,1,2,3,,,,1,0,0,0,0,0,0,1,0,1,0,1,0
10551868535,226271760,1,2/24/2019 17:54,7,4,5,6,0,0,0,0,0,6,6,3,3,,,,1,0,0,0,0,0,0,1,0,0,0,1,0
10551868531,226271760,1,2/24/2019 17:54,10,7,10,6,1,1,0,0,0,5,6,1,5,,,,0,1,0,0,0,0,0,1,0,0,0,0,1
10551868388,226271760,,2/24/2019 17:54,7,8,7,7,1,1,1,1,1,3,5,4,2,,,,1,0,0,0,0,0,0,1,0,0,0,1,0
10551868281,226271760,1,2/24/2019 17:54,8,10,10,9,0,0,0,0,0,4,5,7,3,,,,1,0,0,0,0,0,0,1,0,0,0,1,0
10551868030,226271760,1,2/24/2019 17:54,5,5,5,5,0,0,0,0,1,10,4,1,3,,,,0,1,0,0,0,0,0,1,0,0,0,0,1
10551867960,226271760,1,2/24/2019 17:54,3,7,8,6,1,1,1,0,1,10,8,3,2,,,,1,0,0,0,0,0,0,1,0,0,0,1,0
10551867918,226271760,1,2/24/2019 17:54,4,4,7,3,1,1,1,0,0,10,2,6,4,,,,0,1,0,0,0,0,0,1,0,1,0,0,1
10551867912,226271760,2,2/24/2019 17:54,10,10,8,7,0,0,0,0,1,11,10,3,4,,,,1,0,0,0,0,0,0,1,0,0,0,1,0
10551867903,226271760,1,2/24/2019 17:54,6,2,3,1,0,0,0,0,1,2,4,7,3,,,,1,0,0,0,0,0,0,1,0,1,0,1,0
10551867834,226271760,1,2/24/2019 17:54,9,9,6,2,0,1,1,0,0,1,2,9,3,,,,0,1,0,0,0,0,0,1,0,1,0,0,1
10551867759,226271760,1,2/24/2019 17:54,8,6,6,5,0,0,0,0,0,11,3,2,5,,,,0,1,0,0,0,0,0,1,0,0,0,0,1
10551867557,226271760,1,2/24/2019 17:53,6,7,7,5,0,1,1,0,0,10,6,4,2,,,,1,0,0,0,0,0,0,1,0,0,0,1,0
10551867459,226271760,1,2/24/2019 17:53,7,4,2,8,0,0,0,1,0,11,6,4,2,,,,1,0,0,0,0,0,0,1,0,0,0,1,0
10551867222,226271760,1,2/24/2019 17:53,6,4,5,9,0,0,0,0,0,10,10,4,2,,,,1,0,0,0,0,0,0,1,0,1,0,1,0
10551863762,226272122,3,2/24/2019 17:49,4,5,6,4,1,0,0,0,0,5,3,4,3,3,1,3,0,1,0,0,0,0,1,0,0,0,1,0,1
10551863636,226272122,3,2/24/2019 17:49,9,8,8,6,0,0,0,0,0,10,9,,4,4,,9,0,1,0,0,1,0,1,0,1,1,0,0,1
10551863266,226272122,2,2/24/2019 17:49,8,7,3,3,1,0,1,0,0,12,5,5,4,4,4,2,1,0,0,0,0,1,0,0,0,1,0,1,0
10551863217,226272122,3,2/24/2019 17:49,8,6,7,5,1,0,0,0,0,10,7,3,4,4,3,9,0,1,0,0,0,0,1,0,0,0,0,0,1
10551863187,226272122,2,2/24/2019 17:49,4,5,7,7,0,0,0,0,0,10,8,3,4,4,3,5,0,1,0,0,0,0,1,0,0,0,1,0,1
10551863144,226272122,2,2/24/2019 17:49,10,9,5,5,0,0,0,0,0,8,9,,4,4,7,1,1,0,0,0,1,1,0,0,0,1,0,1,0
10551863123,226272122,3,2/24/2019 17:49,8,6,7,5,0,1,0,0,0,10,6,3,3,3,3,4,0,1,0,0,0,0,1,0,0,1,0,0,1
10551863027,226272122,3,2/24/2019 17:49,10,10,10,8,1,1,0,0,1,4,9,4,3,3,4,1,1,0,0,0,0,1,0,0,0,1,0,1,0
10551863010,226272122,3,2/24/2019 17:49,8,8,8,5,1,0,0,0,0,4,7,7,4,4,7,8,0,1,0,0,0,0,1,0,0,0,0,0,1
10551862628,226272122,2,2/24/2019 17:48,6,4,1,4,0,0,0,0,1,11,9,1,4,4,,6,0,1,0,0,0,0,1,0,1,0,0,0,1
10551862618,226272122,1,2/24/2019 17:48,10,10,10,10,0,0,1,0,0,4,10,2,5,5,2,6,0,1,0,0,0,0,1,0,0,0,0,0,1
10551862609,226272122,2,2/24/2019 17:48,1,1,1,1,0,0,1,0,0,8,4,,1,2,2,7,0,0,1,0,1,0,1,0,0,0,0,0,1
10551862464,226272122,2,2/24/2019 17:48,10,7,4,5,0,0,1,0,0,11,7,3,2,2,2,4,0,1,0,0,0,0,1,0,0,0,0,0,1
10551862297,226272122,2,2/24/2019 17:48,5,4,5,3,0,0,0,0,0,11,4,5,4,4,5,4,1,0,0,0,0,1,0,0,0,0,0,1,0
10551862203,226272122,2,2/24/2019 17:48,5,5,7,4,0,0,0,0,0,11,4,,5,5,,6,0,1,0,0,1,0,1,0,1,0,0,0,1
10551862172,226272122,2,2/24/2019 17:48,8,5,5,4,1,1,0,0,0,8,7,4,2,2,5,3,1,0,0,0,0,1,0,0,0,1,0,1,0
10551862140,226272122,2,2/24/2019 17:48,9,10,10,6,0,0,0,0,1,8,4,4,3,3,3,8,1,0,0,0,0,1,0,0,0,1,0,1,0
10551862078,226272122,2,2/24/2019 17:48,9,6,8,6,0,0,0,1,0,3,5,4,4,4,4,7,0,1,0,0,0,0,1,0,0,0,0,0,1
10551861830,226272122,1,2/24/2019 17:47,6,5,5,3,1,0,0,0,0,10,8,4,2,2,,9,1,0,0,0,0,1,0,0,1,0,0,1,0
10551861827,226272122,1,2/24/2019 17:47,10,10,10,10,0,0,0,1,1,11,7,2,3,3,5,9,1,0,0,0,0,1,0,0,0,0,0,1,0
10551861821,226272122,1,2/24/2019 17:47,4,4,3,5,0,0,1,0,0,10,7,3,5,5,3,1,1,0,0,0,0,1,0,0,0,0,1,1,0
10551861759,226272122,1,2/24/2019 17:47,3,4,8,5,1,1,0,0,0,5,5,3,4,4,,5,0,1,0,0,0,0,1,0,1,0,0,0,1
10551861627,226272122,1,2/24/2019 17:47,1,1,1,1,1,0,0,0,0,1,1,1,3,3,1,9,1,0,0,0,0,1,0,0,0,0,1,1,0
10551861478,226272122,1,2/24/2019 17:47,6,8,6,10,1,1,1,1,1,2,5,2,2,2,2,9,0,1,0,0,0,0,1,0,0,0,0,0,1
10551861473,226272122,1,2/24/2019 17:47,5,3,5,8,1,0,0,0,0,10,5,1,2,2,1,2,0,1,0,0,0,0,1,0,0,1,0,0,1
10551861052,226272122,,2/24/2019 17:46,8,8,9,8,0,0,0,1,0,7,8,4,2,2,4,2,1,0,0,0,0,1,0,0,0,1,0,1,0
10551861009,226272122,,2/24/2019 17:46,8,5,5,8,1,0,1,0,0,2,3,5,3,3,10,2,1,0,0,0,0,1,0,0,0,1,0,1,0
10551860879,226272122,,2/24/2019 17:46,1,7,7,7,1,1,0,0,0,6,2,3,3,3,3,2,0,1,0,0,0,0,1,0,0,1,0,0,1
10551859648,226270653,2,2/24/2019 17:45,1,6,6,2,1,0,0,0,0,2,6,6,3,,,,0,1,0,0,0,0,0,1,0,0,0,0,1
10551855812,226270653,1,2/24/2019 17:41,8,3,5,4,1,0,1,1,1,2,6,6,2,,,,0,1,0,0,0,0,0,1,0,0,0,0,1
10551845858,226270653,1,2/24/2019 17:32,8,7,10,9,1,1,0,0,0,10,6,10,2,,,,0,1,0,0,0,0,0,1,0,1,0,0,1
10551841509,226270653,1,2/24/2019 17:27,9,10,10,8,1,0,1,0,0,6,3,10,3,,,,1,0,0,0,0,0,0,1,0,0,0,1,0
10551838014,226270653,1,2/24/2019 17:24,7,3,8,1,1,0,0,0,0,4,4,6,4,,,,1,0,0,0,0,0,0,1,0,0,0,1,0
,,,,,,,,0,0,0,0,0,,,,,,,,0,0,0,1,0,0,0,1,0,0,0,0,0