Respondent ID,Collector ID,End Date,FavorEntryLevel,FavorConventionalSoon,FavorOnlineEducation,FavorAI,HeardOfUdacity,HeardOfUdemy,HeardOfCoursera,HeardOfPluralsight,HeardOfLynda,Industry,FavorRegulation,ReportedIncome,ReportedAge,ReportedExactAge,Education,Ethnicity,SurveyMonkeyAge,SurveyMonkeyIncome,SurveyMonkeyRegion,IsReportedMale,IsReportedFemale,IsReportedNonbinary,IsUnreportedGender,IsReportedIncomePreferNotDisclose,IsSurveyMonkeyMale,IsSurveyMonkeyFemale,IsSurveyMonkeyUnreportedGender,IsSurveyMonkeyIncomePreferNotDisclose,IsManager,IsUnemployed,IsMale,IsFemale
10717736271,233176325,05/09/2019 03:18:15 AM,10,7,3,7,0,0,0,0,1,10,10,2,3,34,1,4,3,3,9,1,0,0,0,0,1,0,0,0,0,1,1,0
10717731616,233176325,05/09/2019 03:14:46 AM,10,10,10,10,1,1,1,0,1,6,6,4,3,37,5,5,3,5,3,1,0,0,0,0,1,0,0,0,1,0,1,0
10717729195,233176325,05/09/2019 03:13:01 AM,8,8,8,8,1,1,0,1,0,11,8,3,2,25,5,2,2,3,9,1,0,0,0,0,1,0,0,0,1,0,1,0
10717724827,233176325,05/09/2019 03:09:48 AM,8,10,7,6,0,1,1,0,1,10,6,1,2,22,3,5,2,2,3,0,1,0,0,0,0,1,0,0,0,1,0,1
10717723858,233176325,05/09/2019 03:09:05 AM,8,6,10,5,0,0,0,1,0,5,7,1,3,33,4,5,3,1,3,0,1,0,0,0,0,1,0,0,0,1,0,1
10717723453,233176325,05/09/2019 03:08:49 AM,8,7,2,2,0,0,0,0,0,10,5,2,2,21,4,5,2,1,3,0,1,0,0,0,0,1,0,0,0,0,0,1
10717723209,233176325,05/09/2019 03:08:38 AM,10,6,4,7,0,0,0,0,1,2,4,3,3,36,4,5,3,3,6,0,1,0,0,0,0,1,0,0,0,0,0,1
10717722712,233176325,05/09/2019 03:08:16 AM,10,6,7,8,0,0,0,0,1,10,7,3,2,21,4,2,2,3,5,0,1,0,0,0,0,1,0,0,0,0,0,1
10717719259,233176325,05/09/2019 03:05:44 AM,6,6,6,4,0,1,0,0,0,10,1,2,3,38,5,5,3,2,3,0,1,0,0,0,0,1,0,0,0,1,0,1
10717719164,233176325,05/09/2019 03:05:39 AM,9,7,8,9,0,1,1,0,1,2,8,5,3,33,6,2,3,2,5,0,1,0,0,0,0,1,0,0,1,0,0,1
10717717880,233176325,05/09/2019 03:04:44 AM,6,4,3,8,0,0,0,0,1,7,9,1,2,22,6,5,2,1,9,0,1,0,0,0,0,1,0,0,0,0,0,1
10717716770,233176325,05/09/2019 03:03:54 AM,9,5,1,1,0,1,0,0,0,11,9,2,3,39,3,5,3,2,2,0,1,0,0,0,0,1,0,0,0,0,0,1
10717637241,233176325,05/09/2019 01:54:57 AM,10,10,10,5,0,1,1,0,0,6,5,4,3,31,4,6,3,3,2,1,0,0,0,0,1,0,0,0,1,0,1,0
10717496786,233176325,05/08/2019 11:39:30 PM,9,3,1,1,0,1,0,0,0,11,3,4,4,61,3,5,5,4,9,0,1,0,0,0,0,1,0,0,0,1,0,1
10717496472,233176325,05/08/2019 11:39:11 PM,6,1,4,4,0,0,0,0,1,11,5,,5,64,3,5,5,,3,0,1,0,0,1,0,1,0,1,0,0,0,1
10717496261,233176325,05/08/2019 11:39:00 PM,6,1,4,1,0,0,0,0,0,11,4,5,4,54,3,4,4,5,5,0,1,0,0,0,0,1,0,0,0,0,0,1
10717495805,233176325,05/08/2019 11:38:37 PM,8,10,10,5,0,0,0,0,0,5,4,5,4,57,5,5,4,5,3,0,1,0,0,0,0,1,0,0,0,0,0,1
10717495718,233176325,05/08/2019 11:38:31 PM,10,10,1,10,0,0,0,0,1,5,10,1,4,49,4,1,4,1,2,0,1,0,0,0,0,1,0,0,0,0,0,1
10717494359,233176325,05/08/2019 11:37:19 PM,9,7,10,8,0,0,0,0,0,5,9,3,5,73,8,5,5,3,8,0,1,0,0,0,0,1,0,0,0,1,0,1
10717493809,233176325,05/08/2019 11:36:49 PM,8,5,9,8,0,0,0,0,0,12,8,3,4,48,5,2,4,3,2,0,1,0,0,0,0,1,0,0,0,0,0,1
10717493208,233176325,05/08/2019 11:36:17 PM,7,6,8,4,0,0,0,0,1,5,8,4,5,61,5,5,5,4,3,0,1,0,0,0,0,1,0,0,1,0,0,1
10717492991,233176325,05/08/2019 11:36:06 PM,10,10,10,10,0,0,0,0,1,10,1,8,4,55,5,5,4,7,2,0,1,0,0,0,0,1,0,0,0,0,0,1
10717490209,233176325,05/08/2019 11:33:37 PM,7,4,6,5,0,0,0,0,0,2,6,4,5,88,7,5,5,4,1,0,1,0,0,0,0,1,0,0,0,1,0,1
10717489671,233176325,05/08/2019 11:33:10 PM,10,10,10,10,0,0,1,0,0,4,10,9,3,38,2,4,4,10,2,0,1,0,0,0,0,1,0,0,1,0,0,1
10717486687,233176325,05/08/2019 11:30:38 PM,4,6,1,5,1,1,1,0,0,5,4,2,4,48,2,5,4,2,9,1,0,0,0,0,0,1,0,0,0,0,1,1
10717475792,233176325,05/08/2019 11:21:10 PM,6,7,8,1,0,0,0,0,0,10,1,2,4,50,3,6,4,2,9,0,1,0,0,0,0,1,0,0,0,0,0,1
10717451851,233176325,05/08/2019 11:01:36 PM,5,4,6,1,0,0,0,0,1,2,10,6,4,60,7,5,5,6,9,0,1,0,0,0,0,1,0,0,0,0,0,1
10717431176,233176325,05/08/2019 10:44:58 PM,3,2,4,4,0,1,0,0,0,5,4,3,4,57,3,5,4,2,3,0,1,0,0,0,0,1,0,0,0,1,0,1
10717416746,233176325,05/08/2019 10:34:30 PM,7,10,10,10,0,0,0,0,0,11,10,6,4,56,4,3,4,6,3,1,0,0,0,0,1,0,0,0,0,0,1,0
10717367562,233176325,05/08/2019 09:58:11 PM,10,10,7,7,1,0,0,0,0,10,8,3,4,54,4,5,4,3,6,0,1,0,0,0,0,1,0,0,0,1,0,1
10717324752,233176325,05/08/2019 09:28:05 PM,8,6,8,7,1,1,1,1,1,6,8,7,3,31,6,5,3,7,8,1,0,0,0,0,1,0,0,0,1,0,1,0
10717255890,233176325,05/08/2019 08:41:33 PM,5,6,9,5,0,0,0,0,0,4,7,5,4,45,5,3,4,4,7,0,1,0,0,0,0,1,0,0,0,0,0,1
10717249034,233176325,05/08/2019 08:37:08 PM,6,5,1,4,0,0,0,0,0,10,6,4,4,50,5,5,4,3,4,1,0,0,0,0,1,0,0,0,1,0,1,0
10717218827,233176325,05/08/2019 08:17:50 PM,5,7,5,5,1,1,1,0,0,7,4,6,3,30,5,6,3,8,8,0,0,1,0,0,1,0,0,0,1,0,1,0
10717208798,233176325,05/08/2019 08:11:33 PM,6,5,6,7,0,0,0,0,1,11,8,3,3,38,5,3,3,3,6,0,1,0,0,0,1,0,0,0,1,0,1,1
10717195448,233176325,05/08/2019 08:03:29 PM,10,10,10,1,0,0,0,0,0,10,1,1,2,21,4,5,2,1,9,1,0,0,0,0,1,0,0,0,0,1,1,0
10717170597,233176325,05/08/2019 07:49:01 PM,9,5,8,6,1,0,0,0,0,6,7,3,2,28,5,3,2,3,3,1,0,0,0,0,1,0,0,0,1,0,1,0
10717159915,233176325,05/08/2019 07:43:39 PM,1,1,1,1,0,0,0,0,1,10,1,6,4,54,5,3,4,4,5,0,1,0,0,0,0,1,0,0,1,0,0,1
10717148607,233176325,05/08/2019 07:37:16 PM,1,1,5,5,0,0,1,0,1,10,7,7,2,29,7,5,3,6,2,0,1,0,0,0,0,1,0,0,1,0,0,1
10717146478,233176325,05/08/2019 07:35:55 PM,1,1,1,1,0,0,1,0,0,5,1,,2,18,4,6,2,,9,1,0,0,0,1,1,0,0,1,0,1,1,0
10717126128,233176325,05/08/2019 07:23:30 PM,10,10,9,6,0,0,0,0,1,8,10,4,2,24,5,5,2,4,5,0,1,0,0,0,0,1,0,0,1,0,0,1
10717121773,233176325,05/08/2019 07:20:54 PM,10,8,7,6,1,0,0,0,1,6,7,1,1,17,3,5,2,,5,1,0,0,0,0,1,0,0,1,0,0,1,0
10717119472,233176325,05/08/2019 07:19:36 PM,7,1,3,2,0,0,0,0,0,2,8,6,4,49,7,6,4,5,2,1,0,0,0,0,1,0,0,0,0,0,1,0
10717114829,233176325,05/08/2019 07:16:58 PM,1,1,4,3,1,0,0,0,0,3,3,5,1,35,4,5,3,3,1,0,1,0,0,0,1,0,0,0,1,0,1,1
10717096087,233176325,05/08/2019 07:06:17 PM,5,4,5,5,0,0,0,0,1,2,6,3,2,24,5,3,2,3,3,1,0,0,0,0,1,0,0,0,0,0,1,0
10717094268,233176325,05/08/2019 07:05:14 PM,10,1,10,6,1,0,1,0,1,4,5,4,2,24,5,6,2,3,7,0,1,0,0,0,0,1,0,0,1,0,0,1
10717066341,233176325,05/08/2019 06:49:25 PM,6,5,10,9,0,0,0,0,0,10,5,1,2,24,4,6,2,3,9,0,1,0,0,0,0,1,0,0,0,1,0,1
10717061144,233176325,05/08/2019 06:46:36 PM,5,5,8,4,0,1,0,0,0,7,4,6,3,37,4,3,3,,9,1,0,0,0,0,1,0,0,1,1,0,1,0
10717044408,233176325,05/08/2019 06:37:26 PM,10,8,10,9,0,0,0,0,1,4,4,5,3,35,5,5,3,5,9,0,1,0,0,0,0,1,0,0,0,0,0,1
10717000949,233176325,05/08/2019 06:15:00 PM,2,3,3,3,0,0,0,0,1,5,8,3,4,52,3,4,4,3,2,0,1,0,0,0,0,1,0,0,1,0,0,1
10716996265,233176325,05/08/2019 06:12:38 PM,8,6,3,1,0,0,0,0,0,10,5,2,2,21,4,2,2,1,4,0,1,0,0,0,0,1,0,0,0,0,0,1
10716982565,233176325,05/08/2019 06:05:48 PM,9,7,9,7,0,1,1,1,1,6,8,6,2,29,7,2,3,5,9,0,1,0,0,0,0,1,0,0,1,0,0,1
10716959194,233176325,05/08/2019 05:54:26 PM,5,5,5,4,0,0,0,0,1,6,6,,2,25,4,3,2,,5,1,0,0,0,1,1,0,0,1,0,0,1,0
10716944654,233176325,05/08/2019 05:47:37 PM,1,6,8,1,0,0,1,0,0,8,7,6,3,32,5,5,3,3,5,1,0,0,0,0,0,1,0,0,1,0,1,1
10716944303,233176325,05/08/2019 05:47:27 PM,10,5,10,10,0,0,0,0,1,10,10,10,3,41,6,5,3,9,1,0,1,0,0,0,0,1,0,0,0,0,0,1
10716929852,233176325,05/08/2019 05:40:44 PM,4,4,6,7,0,0,0,0,1,8,7,6,4,63,6,6,2,3,3,0,0,1,0,0,0,1,0,0,1,0,0,1
10716926528,233176325,05/08/2019 05:39:11 PM,10,5,5,5,1,0,0,0,0,10,10,2,2,24,5,5,2,2,9,0,0,1,0,0,0,1,0,0,0,0,0,1
10716919791,233176325,05/08/2019 05:36:04 PM,5,5,10,7,0,0,0,0,1,10,5,3,2,22,3,5,2,3,6,0,1,0,0,0,0,1,0,0,0,1,0,1
10716901671,233176325,05/08/2019 05:27:53 PM,3,3,3,7,1,0,0,0,0,3,8,5,2,27,5,5,2,3,4,0,1,0,0,0,0,1,0,0,0,0,0,1
10716889480,233176325,05/08/2019 05:22:33 PM,8,8,8,5,0,1,0,0,0,4,7,4,2,26,4,5,2,3,3,1,0,0,0,0,1,0,0,0,0,0,1,0
10716833553,233176325,05/08/2019 04:58:52 PM,1,10,10,5,0,0,0,0,1,10,8,3,3,30,4,5,3,2,9,0,1,0,0,0,0,1,0,0,1,0,0,1
10716817744,233176325,05/08/2019 04:52:22 PM,6,6,5,6,0,0,0,0,1,2,8,2,2,26,6,5,2,2,3,1,0,0,0,0,1,0,0,0,0,0,1,0
10716814555,233176325,05/08/2019 04:51:07 PM,5,3,5,6,0,0,0,0,0,5,9,5,2,18,3,5,2,5,2,1,0,0,0,0,1,0,0,0,0,1,1,0
10716810223,233176325,05/08/2019 04:49:32 PM,5,5,7,4,1,0,0,0,0,5,5,3,2,51,7,2,2,5,4,1,0,0,0,0,1,0,0,0,1,0,1,0
10716808747,233176325,05/08/2019 04:48:52 PM,1,4,3,6,0,1,0,0,0,10,1,6,3,44,3,4,3,6,2,0,1,0,0,0,0,1,0,0,0,0,0,1
10716804233,233176325,05/08/2019 04:47:04 PM,4,6,8,7,0,0,1,0,0,7,6,3,3,31,4,4,3,2,9,0,1,0,0,0,0,1,0,0,1,0,0,1
10716770614,233176325,05/08/2019 04:33:53 PM,1,1,6,1,1,1,0,0,0,6,4,4,4,56,4,5,4,4,4,1,0,0,0,0,1,0,0,0,0,1,1,0
10716767737,233176325,05/08/2019 04:32:52 PM,7,10,7,4,0,1,0,0,0,2,4,6,2,23,3,5,3,1,2,0,1,0,0,0,0,1,0,0,0,0,0,1
10716746183,233176325,05/08/2019 04:24:59 PM,1,4,3,4,0,0,0,0,1,12,7,3,3,32,6,1,3,4,9,0,1,0,0,0,0,1,0,0,0,0,0,1
10716731880,233176325,05/08/2019 04:19:47 PM,5,6,8,8,0,0,1,0,0,9,8,8,4,54,3,5,3,1,2,1,0,0,0,0,0,1,0,0,0,0,1,1
10716709749,233176325,05/08/2019 04:12:04 PM,8,4,6,6,0,0,0,0,1,8,8,1,2,24,4,5,2,1,8,1,0,0,0,0,1,0,0,0,0,1,1,0
10716702968,233176325,05/08/2019 04:09:44 PM,3,3,4,5,1,0,1,0,0,2,7,6,3,41,5,2,3,6,9,0,1,0,0,0,0,1,0,0,0,0,0,1
10716701192,233176325,05/08/2019 04:09:08 PM,10,10,10,1,0,0,0,0,0,10,10,2,3,38,4,5,3,2,8,1,0,0,0,0,1,0,0,0,0,0,1,0
10716690659,233176325,05/08/2019 04:05:31 PM,6,5,8,4,0,0,0,1,0,2,6,5,2,29,5,3,2,4,7,0,1,0,0,0,0,1,0,0,1,0,0,1
10716668963,233176325,05/08/2019 03:58:23 PM,7,8,5,7,0,0,1,0,0,6,8,6,2,29,7,5,2,2,9,1,0,0,0,0,1,0,0,0,1,0,1,0
10716653117,233176325,05/08/2019 03:52:39 PM,10,10,5,4,0,1,1,0,0,5,5,2,2,25,5,5,2,2,7,1,0,0,0,0,1,0,0,0,0,0,1,0
10716559210,233176325,05/08/2019 03:17:29 PM,10,10,10,10,0,0,0,0,0,11,4,4,2,28,4,4,2,4,8,0,1,0,0,0,0,1,0,0,0,0,0,1
10716545549,233176325,05/08/2019 03:12:32 PM,5,5,6,6,0,1,0,0,0,9,7,3,2,28,6,2,2,2,5,1,0,0,0,0,0,1,0,0,0,0,1,1
10716534742,233176325,05/08/2019 03:08:37 PM,7,8,9,6,0,0,0,0,1,10,6,4,2,18,2,5,2,3,5,0,1,0,0,0,0,1,0,0,0,0,0,1
10716521025,233176325,05/08/2019 03:03:49 PM,10,8,6,5,0,0,0,0,0,5,9,3,5,60,4,5,4,3,1,0,1,0,0,0,0,1,0,0,0,0,0,1
10716519861,233176325,05/08/2019 03:03:26 PM,5,9,10,4,0,0,1,0,0,5,4,2,2,19,4,4,2,1,9,0,1,0,0,0,0,1,0,0,0,0,0,1
10716485495,233176325,05/08/2019 02:51:24 PM,7,5,8,2,0,0,0,0,1,2,8,5,3,33,6,5,3,5,4,0,1,0,0,0,1,0,0,0,0,1,1,1
10716478032,233176325,05/08/2019 02:48:46 PM,7,8,10,8,1,0,0,0,0,4,4,3,3,35,6,5,3,3,4,1,0,0,0,0,1,0,0,0,0,0,1,0
10716464523,233176325,05/08/2019 02:44:08 PM,10,1,7,5,0,1,0,0,1,10,7,3,2,28,5,5,2,3,7,0,1,0,0,0,0,1,0,0,0,0,0,1
10716431486,233176325,05/08/2019 02:32:38 PM,6,7,8,10,1,1,1,0,1,6,5,7,2,28,5,5,2,6,2,1,0,0,0,0,1,0,0,0,1,0,1,0
10716428094,233176325,05/08/2019 02:31:29 PM,10,10,10,10,0,0,0,0,1,11,10,2,4,57,5,5,4,2,6,0,1,0,0,0,0,1,0,0,0,0,0,1
10716356386,233176325,05/08/2019 02:06:37 PM,6,10,10,6,0,0,0,0,1,10,9,2,4,48,3,5,4,2,4,0,1,0,0,0,0,1,0,0,0,0,0,1
10716353127,233176325,05/08/2019 02:05:31 PM,9,7,6,3,1,0,0,1,1,10,8,9,3,30,5,5,3,6,2,0,1,0,0,0,0,1,0,0,1,0,0,1
10716352983,233176325,05/08/2019 02:05:28 PM,6,1,8,8,1,1,0,0,1,6,4,5,1,17,3,5,2,,4,1,0,0,0,0,1,0,0,1,0,1,1,0
10716303230,233176325,05/08/2019 01:48:35 PM,10,7,8,5,0,0,0,0,1,10,7,,2,19,4,6,2,,2,0,1,0,0,1,0,1,0,1,0,0,0,1
10716302917,233176325,05/08/2019 01:48:27 PM,5,5,5,5,0,0,1,0,0,12,5,1,3,30,3,5,3,1,3,0,1,0,0,0,0,1,0,0,0,1,0,1
10716259723,233176325,05/08/2019 01:34:05 PM,6,10,4,4,0,0,0,0,1,6,6,3,2,23,4,2,2,1,1,0,1,0,0,0,0,1,0,0,0,0,0,1
10716259338,233176325,05/08/2019 01:33:57 PM,2,9,10,6,0,0,1,0,0,2,6,1,3,26,4,6,2,,5,0,1,0,0,0,0,1,0,1,0,0,0,1
10716254785,233176325,05/08/2019 01:32:23 PM,1,6,7,4,0,0,1,0,1,4,7,4,2,29,5,5,2,4,2,0,1,0,0,0,0,1,0,0,1,0,0,1
10716224877,233176325,05/08/2019 01:21:51 PM,10,6,8,10,0,0,0,0,1,4,10,3,5,63,1,5,5,2,7,0,1,0,0,0,0,1,0,0,0,1,0,1
10716179740,233176325,05/08/2019 01:06:22 PM,9,10,6,3,0,0,0,0,1,1,8,4,3,35,7,5,3,4,3,0,1,0,0,0,0,1,0,0,1,0,0,1
10716169169,233176325,05/08/2019 01:02:42 PM,10,10,10,8,1,0,0,0,1,10,10,5,2,25,5,5,2,5,6,0,1,0,0,0,0,1,0,0,0,0,0,1
10716138367,233176325,05/08/2019 12:52:16 PM,6,4,7,5,0,0,0,0,1,4,3,,1,19,3,3,2,,5,1,0,0,0,1,1,0,0,1,0,0,1,0
10716137256,233176325,05/08/2019 12:51:53 PM,8,3,2,2,0,0,0,0,1,6,7,6,3,43,4,5,3,6,9,1,0,0,0,0,1,0,0,0,0,0,1,0
10716042744,233176325,05/08/2019 12:19:26 PM,4,6,10,1,0,0,0,0,1,9,3,4,4,58,4,5,4,4,7,1,0,0,0,0,1,0,0,0,0,0,1,0
10716041210,233176325,05/08/2019 12:18:55 PM,8,6,6,5,0,1,1,0,1,5,7,5,2,29,7,5,2,5,2,1,0,0,0,0,1,0,0,0,1,0,1,0
10716033716,233176282,05/08/2019 12:16:22 PM,7,5,8,10,1,0,0,0,0,6,8,7,3,44,5,5,,,,1,0,0,0,0,0,0,1,0,1,0,1,0
10716028704,233176325,05/08/2019 12:14:41 PM,6,8,7,7,0,1,0,0,1,6,6,3,2,28,4,5,2,2,9,1,0,0,0,0,1,0,0,0,0,0,1,0
10716028305,233176325,05/08/2019 12:14:33 PM,8,4,7,5,0,0,0,0,1,7,6,6,3,29,3,5,4,,5,0,0,1,0,0,1,0,0,1,0,0,1,0
10715950248,233176325,05/08/2019 11:49:33 AM,5,7,8,10,0,0,0,1,0,4,4,7,2,25,6,5,3,7,2,1,0,0,0,0,1,0,0,0,0,0,1,0
10715899825,233176325,05/08/2019 11:34:19 AM,10,5,5,3,0,0,0,0,1,5,6,7,3,40,5,5,3,7,9,0,1,0,0,0,0,1,0,0,0,0,0,1
10715892570,233176325,05/08/2019 11:32:06 AM,1,3,4,4,0,1,0,0,0,2,4,3,4,65,1,4,4,4,5,1,0,0,0,0,1,0,0,0,1,0,1,0
10715860142,233176325,05/08/2019 11:22:26 AM,1,5,6,5,0,0,0,0,1,10,6,3,4,51,1,5,4,2,8,0,1,0,0,0,0,1,0,0,1,0,0,1
10715749143,233176325,05/08/2019 10:48:36 AM,10,8,10,6,1,1,0,0,1,6,7,8,4,54,5,5,4,5,3,1,0,0,0,0,1,0,0,0,1,0,1,0
10715716273,233176325,05/08/2019 10:38:25 AM,1,3,7,4,0,1,0,0,1,10,3,8,5,62,7,5,5,9,9,1,0,0,0,0,1,0,0,0,1,0,1,0
10715560693,233176325,05/08/2019 09:48:46 AM,5,5,6,6,0,0,1,0,0,8,7,6,3,41,2,4,5,1,9,0,0,1,0,0,1,0,0,0,1,0,1,0
10715419282,233176325,05/08/2019 08:58:49 AM,10,8,6,6,1,0,0,0,0,4,7,6,2,29,3,3,2,5,5,0,1,0,0,0,0,1,0,0,1,0,0,1
10715236453,233176325,05/08/2019 07:41:00 AM,2,8,4,5,0,0,0,0,0,5,7,3,5,43,3,5,5,4,5,0,1,0,0,0,0,1,0,0,0,0,0,1
10715233455,233176325,05/08/2019 07:39:26 AM,8,7,7,7,0,0,0,0,1,2,5,6,5,63,7,5,5,5,2,1,0,0,0,0,1,0,0,0,0,0,1,0
10715216302,233176325,05/08/2019 07:30:31 AM,9,7,10,9,0,0,0,0,0,5,10,10,5,63,8,4,5,10,5,1,0,0,0,0,1,0,0,0,0,0,1,0
10715189846,233176325,05/08/2019 07:16:06 AM,5,4,5,5,0,0,0,0,1,11,5,3,4,50,3,5,4,3,2,0,1,0,0,0,0,1,0,0,1,0,0,1
10715189664,233176325,05/08/2019 07:16:00 AM,6,8,8,5,0,0,0,0,1,6,5,4,4,46,4,5,4,2,2,0,1,0,0,0,0,1,0,0,1,0,0,1
10715186124,233176325,05/08/2019 07:14:04 AM,7,5,4,5,0,0,0,1,0,2,6,2,4,58,4,4,4,2,5,0,1,0,0,0,0,1,0,0,0,0,0,1
10715186115,233176325,05/08/2019 07:14:03 AM,3,5,8,2,1,1,1,0,1,10,5,5,2,26,2,5,2,4,5,1,0,0,0,0,1,0,0,0,1,0,1,0
10715185275,233176325,05/08/2019 07:13:36 AM,8,7,7,7,0,0,0,0,1,10,5,5,4,50,3,4,4,5,8,1,0,0,0,0,1,0,0,0,0,0,1,0
10715184522,233176325,05/08/2019 07:13:11 AM,3,3,4,4,0,0,0,0,0,3,2,5,5,47,5,5,5,5,1,1,0,0,0,0,1,0,0,0,0,0,1,0
10715183805,233176325,05/08/2019 07:12:49 AM,5,7,8,6,0,0,0,0,1,5,4,4,3,36,5,5,3,4,3,0,1,0,0,0,0,1,0,0,0,0,0,1
10715177715,233176325,05/08/2019 07:09:24 AM,5,8,6,7,0,0,0,0,1,11,8,,4,54,4,4,4,,7,0,1,0,0,1,0,1,0,1,0,0,0,1
10715161723,233176325,05/08/2019 07:00:29 AM,2,2,8,9,0,0,1,0,0,5,6,10,5,61,7,5,5,9,5,1,0,0,0,0,1,0,0,0,1,0,1,0
10715154771,233176325,05/08/2019 06:56:33 AM,3,9,6,8,1,0,0,0,0,2,7,10,5,72,7,5,5,6,7,0,1,0,0,0,0,1,0,0,0,0,0,1
10715145967,233176325,05/08/2019 06:51:26 AM,7,5,5,5,0,0,0,0,1,6,5,7,4,56,5,5,4,7,6,1,0,0,0,0,1,0,0,0,1,0,1,0
10715125016,233176325,05/08/2019 06:39:18 AM,4,7,6,5,0,0,0,0,1,10,4,2,5,68,4,5,5,2,5,1,0,0,0,0,1,0,0,0,0,1,1,0
10715124365,233176325,05/08/2019 06:38:55 AM,5,7,5,6,1,0,0,0,0,2,1,6,4,47,5,5,4,6,5,0,1,0,0,0,0,1,0,0,1,0,0,1
10715124161,233176325,05/08/2019 06:38:48 AM,6,5,7,7,0,0,1,0,0,10,5,2,4,45,3,5,4,2,7,0,1,0,0,0,0,1,0,0,0,1,0,1
10715117430,233176325,05/08/2019 06:34:52 AM,5,4,1,10,0,0,0,0,1,8,6,2,4,55,1,5,4,2,2,1,0,0,0,0,1,0,0,0,0,0,1,0
10715087538,233176325,05/08/2019 06:17:02 AM,6,6,7,10,0,0,1,0,0,6,8,7,3,47,7,3,4,5,3,1,0,0,0,0,0,1,0,0,1,0,1,1
10715086839,233176325,05/08/2019 06:16:38 AM,8,6,7,4,1,0,0,0,0,5,9,7,4,59,5,5,5,7,9,0,1,0,0,0,0,1,0,0,0,0,0,1
10715083990,233176325,05/08/2019 06:14:50 AM,2,8,7,3,0,0,0,0,1,10,7,4,4,58,3,3,4,4,2,0,1,0,0,0,0,1,0,0,0,0,0,1
10715077361,233176325,05/08/2019 06:10:46 AM,6,7,8,8,0,1,0,0,0,10,10,2,5,54,1,5,5,2,6,1,0,0,0,0,1,0,0,0,1,0,1,0
10715075920,233176325,05/08/2019 06:09:53 AM,7,7,7,6,0,0,1,0,0,6,8,3,4,53,5,5,4,2,5,1,0,0,0,0,1,0,0,0,0,0,1,0
10715069269,233176325,05/08/2019 06:05:45 AM,6,7,10,6,0,0,0,0,1,2,1,,5,67,7,6,5,,2,1,0,0,0,1,1,0,0,1,0,0,1,0
10715068397,233176325,05/08/2019 06:05:12 AM,4,2,4,4,0,0,0,0,1,10,5,5,4,46,5,5,4,4,2,0,1,0,0,0,0,1,0,0,1,0,0,1
10715066538,233176282,05/08/2019 06:04:06 AM,8,9,8,6,0,1,1,0,0,11,10,4,3,35,6,5,,,,1,0,0,0,0,0,0,1,0,1,0,1,0
10715063544,233176325,05/08/2019 06:02:12 AM,7,7,7,5,0,0,0,0,1,10,7,6,3,42,4,5,3,5,2,0,1,0,0,0,0,1,0,0,1,0,0,1
10715060918,233176325,05/08/2019 06:00:34 AM,4,6,7,7,0,1,0,0,0,4,6,6,2,21,6,2,3,4,7,0,1,0,0,0,0,1,0,0,1,0,0,1
10715053124,233176325,05/08/2019 05:55:34 AM,10,5,8,10,1,0,1,0,1,2,5,3,4,46,7,5,4,3,7,0,1,0,0,0,0,1,0,0,0,1,0,1
10715051560,233176325,05/08/2019 05:54:35 AM,10,8,6,7,0,0,1,0,0,3,1,5,3,30,6,6,3,5,5,1,0,0,0,0,1,0,0,0,1,0,1,0
10715051532,233176325,05/08/2019 05:54:34 AM,2,4,4,3,1,0,0,0,0,8,7,7,4,45,5,5,4,,8,1,0,0,0,0,1,0,0,1,1,0,1,0
10715039821,233176325,05/08/2019 05:47:09 AM,6,4,7,9,0,0,0,0,0,5,8,10,5,66,6,5,5,10,3,0,1,0,0,0,0,1,0,0,1,0,0,1
10715033322,233176325,05/08/2019 05:42:56 AM,6,6,7,5,0,0,1,0,0,2,8,3,4,47,7,5,4,3,2,1,0,0,0,0,1,0,0,0,0,0,1,0
10715025638,233176325,05/08/2019 05:38:22 AM,10,8,7,7,0,0,0,0,0,2,7,6,5,62,5,5,5,6,1,0,1,0,0,0,0,1,0,0,0,0,0,1
10715017975,233176282,05/08/2019 05:33:44 AM,6,5,8,7,0,1,0,0,1,4,6,4,3,32,5,5,,,,1,0,0,0,0,0,0,1,0,1,0,1,0
10715012944,233176325,05/08/2019 05:30:53 AM,3,3,7,7,0,1,1,0,0,11,6,7,3,34,7,5,3,6,4,1,0,0,0,0,1,0,0,0,1,0,1,0
10715011343,233176325,05/08/2019 05:29:56 AM,10,10,10,5,0,0,0,0,0,5,1,6,4,59,7,5,4,6,5,0,1,0,0,0,0,1,0,0,0,0,0,1
10715008922,233176325,05/08/2019 05:28:32 AM,10,10,5,5,1,1,0,0,0,4,5,3,2,28,5,2,2,2,1,1,0,0,0,0,1,0,0,0,0,0,1,0
10715008530,233176325,05/08/2019 05:28:16 AM,3,3,3,3,0,1,0,0,0,6,6,6,2,51,5,5,4,4,1,1,0,0,0,0,1,0,0,0,0,0,1,0
10715004321,233176325,05/08/2019 05:25:53 AM,4,5,3,2,0,0,0,0,1,5,3,4,3,37,2,5,3,3,3,0,1,0,0,0,0,1,0,0,1,0,0,1
10714994511,233176325,05/08/2019 05:19:59 AM,6,4,5,4,1,1,1,0,1,10,6,3,5,56,6,2,5,1,1,1,0,0,0,0,1,0,0,0,1,0,1,0
10714989888,233176325,05/08/2019 05:17:04 AM,6,7,8,3,0,0,0,0,1,12,1,,4,57,3,5,4,,3,0,1,0,0,1,0,1,0,1,0,0,0,1
10714985579,233176325,05/08/2019 05:14:18 AM,8,7,8,6,0,0,0,0,1,2,9,4,4,47,4,5,4,4,2,0,1,0,0,0,0,1,0,0,0,0,0,1
10714984886,233176325,05/08/2019 05:13:51 AM,6,3,4,5,0,0,0,0,1,4,5,4,4,51,4,5,4,4,5,1,0,0,0,0,1,0,0,0,1,0,1,0
10714977489,233176325,05/08/2019 05:09:14 AM,10,10,10,10,1,0,0,0,0,5,1,5,4,49,4,5,4,5,4,1,0,0,0,0,1,0,0,0,1,0,1,0
10714975059,233176282,05/08/2019 05:07:47 AM,10,5,7,7,1,0,0,0,0,10,10,5,4,55,7,5,,,,0,1,0,0,0,0,0,1,0,1,0,0,1
10714971773,233176282,05/08/2019 05:05:47 AM,3,4,5,7,0,1,0,0,0,11,8,3,3,39,4,2,,,,1,0,0,0,0,0,0,1,0,0,0,1,0
10714965756,233176325,05/08/2019 05:02:11 AM,6,8,8,9,0,0,1,0,0,7,5,6,3,49,2,3,4,2,5,0,0,1,0,0,0,1,0,0,1,0,0,1
10714962328,233176325,05/08/2019 04:59:57 AM,8,7,8,8,0,1,1,0,1,6,8,3,4,46,4,2,4,3,9,1,0,0,0,0,1,0,0,0,1,0,1,0
10714959338,233176282,05/08/2019 04:57:53 AM,7,6,4,5,1,1,1,0,1,4,7,6,4,48,7,2,,,,1,0,0,0,0,0,0,1,0,1,0,1,0
10714957612,233176325,05/08/2019 04:56:45 AM,10,10,10,7,0,0,0,0,0,4,1,5,5,73,4,5,5,5,9,0,1,0,0,0,0,1,0,0,0,1,0,1
10714957581,233176282,05/08/2019 04:56:44 AM,7,9,10,10,1,1,1,0,1,10,6,2,2,27,3,5,,,,0,1,0,0,0,0,0,1,0,0,1,0,1
10714956040,233176325,05/08/2019 04:55:41 AM,6,3,5,7,0,0,0,0,0,8,6,7,5,63,6,5,5,7,7,1,0,0,0,0,1,0,0,0,0,0,1,0
10714950230,233176325,05/08/2019 04:52:00 AM,2,9,4,6,1,0,0,0,0,10,8,2,4,53,4,5,4,2,2,1,0,0,0,0,1,0,0,0,0,0,1,0
10714947506,233176325,05/08/2019 04:50:14 AM,10,10,9,8,0,1,0,0,0,1,7,3,2,23,3,1,2,3,1,0,1,0,0,0,0,1,0,0,1,0,0,1
10714944874,233176282,05/08/2019 04:48:32 AM,7,8,9,9,0,0,0,0,1,8,7,5,3,42,4,5,,,,1,0,0,0,0,0,0,1,0,1,0,1,0
10714944133,233176325,05/08/2019 04:48:01 AM,1,1,4,4,0,1,0,0,0,4,4,7,3,33,2,3,2,1,5,0,0,1,0,0,1,0,0,0,1,0,1,0
10714944108,233176282,05/08/2019 04:48:01 AM,4,6,10,10,1,0,0,0,1,5,6,3,2,29,6,2,,,,0,1,0,0,0,0,0,1,0,1,0,0,1
10714941724,233176282,05/08/2019 04:46:25 AM,7,3,5,5,1,1,0,0,0,11,4,2,2,22,4,3,,,,1,0,0,0,0,0,0,1,0,0,0,1,0
10714940766,233176325,05/08/2019 04:45:48 AM,7,7,6,5,0,0,0,0,1,7,8,5,4,51,6,5,4,5,6,1,0,0,0,0,1,0,0,0,1,0,1,0
10714940223,233176325,05/08/2019 04:45:26 AM,9,7,6,4,0,0,0,0,1,5,5,4,4,45,4,3,4,4,5,0,1,0,0,0,0,1,0,0,0,0,0,1
10714933897,233176282,05/08/2019 04:41:17 AM,7,8,8,8,0,0,0,0,1,7,6,5,3,30,8,5,,,,1,0,0,0,0,0,0,1,0,1,0,1,0
10714932800,233176282,05/08/2019 04:40:33 AM,7,10,10,9,0,0,0,0,1,2,6,2,2,27,5,5,,,,1,0,0,0,0,0,0,1,0,0,0,1,0
10714931789,233176282,05/08/2019 04:39:54 AM,4,5,9,7,0,0,0,0,1,12,7,2,2,25,4,5,,,,1,0,0,0,0,0,0,1,0,0,0,1,0
10714930223,233176325,05/08/2019 04:38:55 AM,9,4,10,3,1,1,0,0,0,12,10,,4,58,5,4,4,6,1,0,1,0,0,1,0,1,0,0,0,0,0,1
10714925338,233176325,05/08/2019 04:35:40 AM,6,7,10,7,0,0,0,0,0,12,10,6,4,55,4,5,4,7,9,1,0,0,0,0,1,0,0,0,1,0,1,0
10714923513,233176325,05/08/2019 04:34:32 AM,7,4,6,2,0,0,0,0,1,11,5,3,4,56,2,5,4,3,8,0,1,0,0,0,0,1,0,0,0,0,0,1
10714921589,233176282,05/08/2019 04:34:33 AM,10,10,7,5,0,0,0,0,0,10,5,3,5,68,3,5,,,,1,0,0,0,0,0,0,1,0,0,0,1,0
10714918860,233176325,05/08/2019 04:31:36 AM,4,3,5,3,0,0,0,0,1,3,4,4,4,55,5,5,4,4,5,0,1,0,0,0,0,1,0,0,0,0,0,1
10714918319,233176282,05/08/2019 04:31:15 AM,8,7,9,7,1,0,1,0,0,6,4,3,4,51,4,5,,,,0,1,0,0,0,0,0,1,0,1,0,0,1
10714916960,233176325,05/08/2019 04:30:25 AM,8,8,8,8,0,1,1,0,0,8,8,3,4,49,5,5,4,3,3,1,0,0,0,0,1,0,0,0,1,0,1,0
10714916097,233176282,05/08/2019 04:29:52 AM,10,7,8,10,0,0,0,0,1,10,6,3,2,27,4,5,,,,1,0,0,0,0,0,0,1,0,0,0,1,0
10714913670,233176282,05/08/2019 04:28:20 AM,5,6,9,10,0,1,1,0,0,5,6,3,4,46,5,3,,,,0,1,0,0,0,0,0,1,0,1,0,0,1
10714911145,233176325,05/08/2019 04:26:44 AM,7,5,5,8,1,0,0,0,0,2,9,4,4,48,7,5,4,4,7,0,1,0,0,0,0,1,0,0,1,0,0,1
10714910523,233176325,05/08/2019 04:26:21 AM,9,5,8,8,0,0,0,0,0,8,9,5,4,57,7,5,4,6,5,1,0,0,0,0,1,0,0,0,0,0,1,0
10714908901,233176282,05/08/2019 04:25:54 AM,7,7,9,9,0,1,0,0,0,10,5,1,4,46,4,4,,,,1,0,0,0,0,0,0,1,0,0,0,1,0
10714904396,233176325,05/08/2019 04:22:43 AM,4,8,3,8,1,0,0,0,1,12,4,10,5,76,6,5,5,10,5,1,0,0,0,0,1,0,0,0,0,1,1,0
10714903954,233176282,05/08/2019 04:22:28 AM,5,5,9,7,0,1,1,0,1,10,5,3,3,42,4,5,,,,0,1,0,0,0,0,0,1,0,0,0,0,1
10714903769,233176325,05/08/2019 04:22:20 AM,5,5,7,2,0,0,0,0,1,11,7,5,4,49,3,5,4,5,1,0,1,0,0,0,0,1,0,0,0,0,0,1
10714902633,233176282,05/08/2019 04:21:37 AM,4,8,8,5,1,0,0,0,0,5,2,3,4,53,5,5,,,,0,1,0,0,0,0,0,1,0,0,0,0,1
10714901662,233176282,05/08/2019 04:21:01 AM,6,4,9,6,0,1,0,0,1,10,10,1,4,55,4,5,,,,0,1,0,0,0,0,0,1,0,0,0,0,1
10714901532,233176282,05/08/2019 04:20:56 AM,8,8,9,3,0,0,1,0,0,10,7,2,4,52,5,5,,,,0,1,0,0,0,0,0,1,0,0,0,0,1
10714897277,233176325,05/08/2019 04:18:09 AM,1,1,1,1,0,0,1,0,0,7,5,4,4,55,1,5,4,3,9,0,1,0,0,0,0,1,0,0,0,0,0,1
10714891832,233176282,05/08/2019 04:14:43 AM,2,2,10,9,1,0,0,0,0,5,3,5,3,38,7,5,,,,1,0,0,0,0,0,0,1,0,1,0,1,0
10714890755,233176325,05/08/2019 04:13:59 AM,10,8,5,5,0,1,0,0,0,10,8,1,2,28,3,4,2,1,2,0,1,0,0,0,0,1,0,0,0,1,0,1
10714890718,233176325,05/08/2019 04:13:57 AM,10,8,10,8,0,0,0,0,1,10,10,3,4,56,4,5,4,3,4,0,1,0,0,0,0,1,0,0,0,0,0,1
10714889694,233176325,05/08/2019 04:13:13 AM,1,1,1,1,0,0,0,0,1,11,4,3,2,28,4,5,2,2,3,1,0,0,0,0,1,0,0,0,1,0,1,0
10714880670,233176282,05/08/2019 04:07:02 AM,3,4,5,5,0,0,0,0,1,11,3,3,3,38,5,5,,,,1,0,0,0,0,0,0,1,0,1,0,1,0
10714878454,233176325,05/08/2019 04:05:34 AM,4,4,6,4,1,1,1,0,1,6,3,1,5,68,5,5,5,1,9,1,0,0,0,0,1,0,0,0,0,0,1,0
10714877025,233176282,05/08/2019 04:04:38 AM,5,6,2,7,0,0,1,0,0,6,3,5,3,39,5,2,,,,0,1,0,0,0,0,0,1,0,1,0,0,1
10714875519,233176282,05/08/2019 04:03:37 AM,10,10,10,10,0,0,1,0,1,6,10,3,2,29,4,1,,,,1,0,0,0,0,0,0,1,0,0,0,1,0
10714871468,233176282,05/08/2019 04:00:59 AM,5,3,7,4,1,1,1,0,0,3,5,5,2,25,7,5,,,,0,1,0,0,0,0,0,1,0,1,0,0,1
10714870920,233176282,05/08/2019 04:00:38 AM,9,10,10,3,0,0,0,0,1,10,6,3,4,59,4,5,,,,0,1,0,0,0,0,0,1,0,0,0,0,1
10714868641,233176282,05/08/2019 03:59:08 AM,7,5,6,7,0,1,0,0,0,2,7,4,2,28,5,5,,,,1,0,0,0,0,0,0,1,0,1,0,1,0
10714866684,233176282,05/08/2019 03:57:50 AM,8,9,9,9,1,0,1,0,1,10,8,4,4,48,3,5,,,,1,0,0,0,0,0,0,1,0,1,0,1,0
10714865926,233176325,05/08/2019 03:57:19 AM,6,6,7,4,0,0,0,0,0,10,7,3,4,50,4,5,4,3,4,1,0,0,0,0,1,0,0,0,0,0,1,0
10714858395,233176325,05/08/2019 03:52:06 AM,10,6,8,5,0,0,0,0,0,10,7,4,4,51,4,5,4,4,4,0,1,0,0,0,0,1,0,0,1,0,0,1
10714853024,233176282,05/08/2019 03:48:26 AM,10,10,10,3,1,0,1,0,0,11,1,3,3,36,5,5,,,,1,0,0,0,0,0,0,1,0,1,0,1,0
10714850931,233176282,05/08/2019 03:47:01 AM,10,10,8,10,0,1,0,0,1,6,10,3,2,24,5,5,,,,0,1,0,0,0,0,0,1,0,0,0,0,1
10714850644,233176282,05/08/2019 03:46:50 AM,7,5,7,9,0,1,0,0,0,6,8,2,3,36,4,5,,,,1,0,0,0,0,0,0,1,0,0,0,1,0
10714848092,233176282,05/08/2019 03:45:07 AM,10,10,10,10,0,1,0,0,0,10,6,3,2,26,4,3,,,,0,1,0,0,0,0,0,1,0,1,0,0,1
10714845931,233176325,05/08/2019 03:43:36 AM,4,5,7,4,0,1,0,0,1,4,8,5,4,59,4,5,4,5,2,1,0,0,0,0,1,0,0,0,1,0,1,0
10714845705,233176282,05/08/2019 03:43:26 AM,7,9,10,7,0,1,1,0,0,10,4,3,2,24,4,5,,,,0,1,0,0,0,0,0,1,0,0,0,0,1
10714843899,233176282,05/08/2019 03:42:11 AM,4,8,8,9,0,0,0,0,1,10,9,4,3,34,3,5,,,,0,1,0,0,0,0,0,1,0,0,1,0,1
10714841657,233176282,05/08/2019 03:40:35 AM,9,7,10,9,0,0,0,0,0,11,10,4,5,62,5,4,,,,1,0,0,0,0,0,0,1,0,1,0,1,0
10714839777,233176325,05/08/2019 03:39:12 AM,4,4,5,1,1,0,0,0,1,2,4,7,2,42,4,5,3,2,5,1,0,0,0,0,1,0,0,0,1,0,1,0
10714839251,233176282,05/08/2019 03:38:49 AM,2,2,2,2,0,0,0,0,0,10,5,3,4,50,6,5,,,,0,1,0,0,0,0,0,1,0,1,0,0,1
10714836247,233176325,05/08/2019 03:36:43 AM,9,5,5,4,0,0,0,0,1,10,7,4,2,21,5,4,2,4,9,0,1,0,0,0,0,1,0,0,1,0,0,1
10714835982,233176282,05/08/2019 03:36:31 AM,6,6,7,5,0,1,0,0,0,4,6,3,4,45,4,5,,,,1,0,0,0,0,0,0,1,0,1,0,1,0
10714833584,233176282,05/08/2019 03:34:48 AM,8,2,5,9,1,0,0,0,0,8,9,4,3,34,7,5,,,,1,0,0,0,0,0,0,1,0,1,0,1,0
10714831281,233176282,05/08/2019 03:33:16 AM,5,1,1,2,0,0,0,0,1,6,7,9,2,28,7,3,,,,0,1,0,0,0,0,0,1,0,1,0,0,1
10714831160,233176282,05/08/2019 03:33:12 AM,6,8,9,8,1,0,1,0,0,2,9,3,4,49,4,5,,,,0,1,0,0,0,0,0,1,0,1,0,0,1
10714830720,233176282,05/08/2019 03:32:53 AM,8,6,6,6,0,0,1,0,1,5,8,2,2,23,5,2,,,,0,1,0,0,0,0,0,1,0,1,0,0,1
10714828800,233176325,05/08/2019 03:31:35 AM,5,4,5,5,0,0,0,0,1,2,4,3,5,34,6,3,5,3,5,0,1,0,0,0,0,1,0,0,0,0,0,1
10714827199,233176282,05/08/2019 03:30:25 AM,5,6,6,3,1,0,0,0,0,9,6,6,3,36,4,3,,,,1,0,0,0,0,0,0,1,0,1,0,1,0
10714825905,233176325,05/08/2019 03:29:28 AM,3,3,7,6,0,1,0,0,0,4,4,4,4,80,4,4,5,4,3,1,0,0,0,0,1,0,0,0,0,0,1,0
10714819296,233176282,05/08/2019 03:24:44 AM,7,4,5,4,0,0,0,0,1,6,8,2,3,41,4,5,,,,1,0,0,0,0,0,0,1,0,0,0,1,0
10714816560,233176282,05/08/2019 03:22:45 AM,2,2,9,8,1,0,1,0,0,6,7,2,2,24,2,5,,,,0,1,0,0,0,0,0,1,0,0,1,0,1
10714814841,233176282,05/08/2019 03:21:28 AM,8,8,9,10,0,1,0,0,1,6,5,3,4,45,5,5,,,,0,1,0,0,0,0,0,1,0,1,0,0,1
10714814738,233176282,05/08/2019 03:21:23 AM,8,5,9,5,1,1,1,0,1,6,9,3,3,31,7,2,,,,1,0,0,0,0,0,0,1,0,1,0,1,0
10714814309,233176282,05/08/2019 03:21:03 AM,8,8,9,10,0,0,0,0,1,10,6,3,4,45,5,5,,,,0,1,0,0,0,0,0,1,0,0,0,0,1
10714813095,233176325,05/08/2019 03:20:09 AM,10,10,10,8,1,1,1,0,0,2,6,8,4,50,6,5,4,8,5,0,1,0,0,0,0,1,0,0,0,0,0,1
10714811056,233176282,05/08/2019 03:18:40 AM,7,8,9,8,0,0,1,0,0,11,7,7,4,46,5,5,,,,0,1,0,0,0,0,0,1,0,1,0,0,1
10714810325,233176282,05/08/2019 03:18:08 AM,9,5,9,7,0,0,0,0,1,12,8,5,4,53,4,5,,,,1,0,0,0,0,0,0,1,0,0,0,1,0
10714809918,233176282,05/08/2019 03:17:51 AM,9,7,9,7,1,0,0,0,0,5,9,1,3,31,7,2,,,,0,1,0,0,0,0,0,1,0,0,1,0,1
10714808262,233176282,05/08/2019 03:16:41 AM,5,8,8,7,0,1,1,0,0,11,5,4,2,23,4,2,,,,1,0,0,0,0,0,0,1,0,0,0,1,0
10714807340,233176282,05/08/2019 03:16:00 AM,9,6,9,9,0,0,1,0,0,10,8,2,3,30,4,1,,,,1,0,0,0,0,0,0,1,0,0,1,1,0
10714806327,233176282,05/08/2019 03:15:16 AM,5,9,9,6,0,0,0,0,1,11,6,3,3,30,4,5,,,,1,0,0,0,0,0,0,1,0,0,0,1,0
10714805939,233176282,05/08/2019 03:15:01 AM,9,9,4,4,1,0,1,0,0,1,3,4,3,35,4,5,,,,0,1,0,0,0,0,0,1,0,0,0,0,1
10714804334,233176325,05/08/2019 03:13:47 AM,10,10,1,1,0,0,0,0,1,10,5,2,4,52,6,5,4,2,1,0,1,0,0,0,0,1,0,0,0,0,0,1
10714799202,233176282,05/08/2019 03:10:06 AM,10,10,10,10,0,0,0,0,1,4,10,5,2,22,5,5,,,,1,0,0,0,0,0,0,1,0,0,0,1,0
10714798527,233176282,05/08/2019 03:09:37 AM,6,5,7,7,0,1,0,0,0,4,5,3,2,29,4,5,,,,1,0,0,0,0,0,0,1,0,1,0,1,0
10714796561,233176282,05/08/2019 03:08:12 AM,7,10,10,5,0,1,0,0,0,2,5,4,4,47,5,5,,,,0,1,0,0,0,0,0,1,0,0,1,0,1
10714794596,233176282,05/08/2019 03:06:47 AM,10,8,10,3,0,0,0,0,0,10,10,3,3,33,5,5,,,,1,0,0,0,0,0,0,1,0,0,0,1,0
10714792404,233176282,05/08/2019 03:05:14 AM,9,10,10,6,1,0,1,0,0,10,5,5,4,46,5,5,,,,0,1,0,0,0,0,0,1,0,0,0,0,1
10714792288,233176282,05/08/2019 03:05:10 AM,8,8,8,9,0,0,0,0,1,6,7,4,2,24,4,2,,,,1,0,0,0,0,0,0,1,0,0,1,1,0
10714790337,233176282,05/08/2019 03:03:47 AM,7,9,9,8,1,0,1,0,1,2,7,2,2,27,6,2,,,,0,1,0,0,0,0,0,1,0,1,0,0,1
10714789918,233176282,05/08/2019 03:03:30 AM,8,6,7,8,1,1,1,1,1,8,8,7,3,35,4,5,,,,0,1,0,0,0,0,0,1,0,0,0,0,1
10714789829,233176325,05/08/2019 03:03:26 AM,6,5,6,7,0,0,0,0,1,10,8,1,4,58,7,5,4,1,7,0,1,0,0,0,0,1,0,0,0,1,0,1
10714787890,233176282,05/08/2019 03:02:04 AM,6,7,8,9,0,0,0,0,0,1,9,2,3,39,4,5,,,,1,0,0,0,0,0,0,1,0,0,0,1,0
10714786589,233176325,05/08/2019 03:01:12 AM,7,9,7,6,1,1,0,0,0,6,7,3,2,24,4,5,2,3,3,1,0,0,0,0,1,0,0,0,0,0,1,0
10714785783,233176282,05/08/2019 03:00:35 AM,6,5,6,6,0,0,0,0,0,12,8,3,3,32,4,5,,,,1,0,0,0,0,0,0,1,0,0,0,1,0
10714785293,233176325,05/08/2019 03:00:15 AM,7,7,10,7,0,0,0,0,1,8,7,6,5,68,4,5,5,7,9,1,0,0,0,0,1,0,0,0,0,0,1,0
10714784684,233176282,05/08/2019 02:59:45 AM,6,8,5,9,0,0,0,0,0,10,9,3,3,30,3,5,,,,1,0,0,0,0,0,0,1,0,0,1,1,0
10714781893,233176282,05/08/2019 02:57:43 AM,9,10,8,9,0,0,0,1,0,3,9,3,2,29,6,2,,,,1,0,0,0,0,0,0,1,0,1,0,1,0
10714780394,233176282,05/08/2019 02:56:35 AM,9,5,9,9,1,1,1,1,1,6,7,3,3,31,3,5,,,,1,0,0,0,0,0,0,1,0,0,0,1,0
10714779074,233176282,05/08/2019 02:55:31 AM,2,3,8,3,0,0,0,0,0,11,3,4,3,39,5,5,,,,1,0,0,0,0,0,0,1,0,1,0,1,0
10714774094,233176282,05/08/2019 02:51:35 AM,7,9,9,6,1,1,0,0,0,6,8,3,3,39,4,5,,,,1,0,0,0,0,0,0,1,0,0,0,1,0
10714773961,233176282,05/08/2019 02:51:28 AM,7,6,7,6,1,1,0,0,0,4,7,10,3,33,5,2,,,,1,0,0,0,0,0,0,1,0,1,0,1,0
10714773736,233176325,05/08/2019 02:51:18 AM,6,7,8,7,0,0,0,0,1,10,8,5,5,68,5,1,5,5,7,0,1,0,0,0,0,1,0,0,1,0,0,1
10714767939,233176325,05/08/2019 02:46:43 AM,1,1,1,1,0,0,1,0,1,10,1,5,4,46,4,2,4,5,2,0,1,0,0,0,0,1,0,0,0,1,0,1
10714764707,233176282,05/08/2019 02:44:10 AM,8,7,8,3,0,0,1,0,0,8,2,3,3,32,4,5,,,,1,0,0,0,0,0,0,1,0,1,0,1,0
10714763047,233176282,05/08/2019 02:42:52 AM,7,4,9,8,0,1,0,0,1,5,9,5,2,28,4,5,,,,1,0,0,0,0,0,0,1,0,0,0,1,0
10714761719,233176282,05/08/2019 02:41:52 AM,10,10,8,6,1,1,0,0,1,6,5,3,3,38,5,4,,,,1,0,0,0,0,0,0,1,0,0,0,1,0
10714761588,233176282,05/08/2019 02:41:46 AM,10,7,10,1,1,1,0,0,0,10,3,3,2,23,4,3,,,,0,1,0,0,0,0,0,1,0,0,0,0,1
10714761210,233176282,05/08/2019 02:41:28 AM,9,8,5,7,0,0,0,0,1,11,8,8,2,20,4,4,,,,1,0,0,0,0,0,0,1,0,0,0,1,0
10714760696,233176325,05/08/2019 02:41:02 AM,10,6,5,9,0,0,0,0,1,10,6,6,4,45,5,5,4,6,5,1,0,0,0,0,1,0,0,0,1,0,1,0
10714759091,233176282,05/08/2019 02:39:47 AM,6,8,5,7,0,0,0,0,1,4,7,5,3,31,4,5,,,,1,0,0,0,0,0,0,1,0,1,0,1,0
10714758569,233176282,05/08/2019 02:39:22 AM,10,7,8,9,1,1,1,0,0,11,6,3,4,52,4,5,,,,1,0,0,0,0,0,0,1,0,1,0,1,0
10714758557,233176282,05/08/2019 02:39:21 AM,10,8,8,1,0,0,0,0,1,5,10,4,3,36,5,5,,,,0,1,0,0,0,0,0,1,0,1,0,0,1
10714757361,233176282,05/08/2019 02:38:51 AM,6,8,8,6,0,0,1,0,0,6,7,4,5,63,4,3,,,,0,1,0,0,0,0,0,1,0,1,0,0,1
10714757345,233176282,05/08/2019 02:38:24 AM,8,8,8,7,1,0,0,0,0,11,9,3,4,56,5,5,,,,0,1,0,0,0,0,0,1,0,0,0,0,1
10714756669,233176282,05/08/2019 02:37:51 AM,8,2,8,9,1,1,0,0,1,2,8,4,2,29,5,2,,,,1,0,0,0,0,0,0,1,0,1,0,1,0
10714756377,233176325,05/08/2019 02:37:38 AM,5,5,4,3,1,0,0,0,0,10,5,4,4,52,3,4,4,4,7,1,0,0,0,0,1,0,0,0,0,0,1,0
10714756303,233176282,05/08/2019 02:37:35 AM,8,5,5,7,1,1,1,0,0,4,7,2,3,33,3,4,,,,0,1,0,0,0,0,0,1,0,0,0,0,1
10714754949,233176325,05/08/2019 02:38:52 AM,5,7,7,5,0,0,0,0,1,10,5,3,5,78,4,5,5,3,9,1,0,0,0,0,1,0,0,0,0,1,1,0
10714752222,233176282,05/08/2019 02:34:15 AM,8,10,10,10,1,1,1,0,0,10,10,5,3,42,7,3,,,,0,1,0,0,0,0,0,1,0,1,0,0,1
10714752064,233176282,05/08/2019 02:34:07 AM,7,7,7,7,0,0,0,0,1,8,7,3,3,34,3,5,,,,1,0,0,0,0,0,0,1,0,0,0,1,0
10714751125,233176325,05/08/2019 02:33:21 AM,5,4,3,9,1,1,1,0,1,6,10,10,4,46,7,2,4,,9,0,1,0,0,0,0,1,0,1,1,0,0,1
10714750806,233176282,05/08/2019 02:33:06 AM,7,6,5,3,1,1,1,0,0,2,4,3,2,27,5,5,,,,0,1,0,0,0,0,0,1,0,0,0,0,1
10714748727,233176282,05/08/2019 02:31:27 AM,7,7,7,7,1,1,0,0,0,2,6,4,4,58,5,3,,,,0,1,0,0,0,0,0,1,0,0,1,0,1
10714748481,233176282,05/08/2019 02:31:15 AM,5,2,3,1,0,0,0,0,1,2,3,7,3,39,7,5,,,,1,0,0,0,0,0,0,1,0,1,0,1,0
10714743003,233176282,05/08/2019 02:27:00 AM,9,8,10,9,1,0,0,1,1,6,10,3,4,48,5,5,,,,0,0,1,0,0,0,0,1,0,1,0,0,0
10714742361,233176282,05/08/2019 02:26:29 AM,8,6,8,10,0,1,0,0,0,10,10,3,3,37,3,5,,,,1,0,0,0,0,0,0,1,0,1,0,1,0
10714742262,233176282,05/08/2019 02:26:24 AM,10,10,10,10,0,1,0,0,0,5,10,4,3,33,4,2,,,,0,1,0,0,0,0,0,1,0,0,1,0,1
10714741564,233176282,05/08/2019 02:25:51 AM,8,7,8,9,0,0,0,0,1,8,7,3,2,27,3,2,,,,1,0,0,0,0,0,0,1,0,1,0,1,0
10714741054,233176325,05/08/2019 02:25:49 AM,9,10,10,10,0,0,0,0,1,2,10,3,2,29,4,5,2,2,9,0,1,0,0,0,0,1,0,0,0,0,0,1
10714740370,233176325,05/08/2019 02:24:58 AM,1,2,4,3,0,0,0,1,1,5,2,2,2,19,3,3,2,2,5,1,0,0,0,0,1,0,0,0,1,0,1,0
10714740329,233176325,05/08/2019 02:27:57 AM,2,4,4,5,0,1,0,1,0,10,5,8,5,39,4,3,2,,2,0,0,1,0,0,0,1,0,1,0,0,0,1
10714740034,233176325,05/08/2019 02:24:43 AM,10,5,10,5,0,0,0,0,0,10,7,3,4,47,5,5,4,3,7,0,1,0,0,0,0,1,0,0,0,1,0,1
10714739715,233176282,05/08/2019 02:24:29 AM,10,9,10,10,0,0,0,0,1,4,10,4,3,37,6,3,,,,0,1,0,0,0,0,0,1,0,1,0,0,1
10714739709,233176282,05/08/2019 02:24:28 AM,10,10,10,6,0,1,0,0,0,10,6,2,3,35,4,5,,,,0,1,0,0,0,0,0,1,0,0,0,0,1
10714737900,233176282,05/08/2019 02:23:09 AM,5,7,8,7,1,1,1,1,1,6,9,4,3,35,4,5,,,,1,0,0,0,0,0,0,1,0,1,0,1,0
10714736656,233176282,05/08/2019 02:22:14 AM,9,8,6,8,1,0,0,1,1,6,7,2,2,24,7,2,,,,1,0,0,0,0,0,0,1,0,1,0,1,0
10714736240,233176282,05/08/2019 02:21:57 AM,3,8,9,6,0,1,1,0,0,8,6,3,3,30,6,2,,,,1,0,0,0,0,0,0,1,0,1,0,1,0
10714736228,233176282,05/08/2019 02:21:57 AM,2,3,4,6,1,0,0,0,1,8,7,4,5,62,6,5,,,,1,0,0,0,0,0,0,1,0,0,0,1,0
10714735977,233176282,05/08/2019 02:21:44 AM,10,8,8,8,1,0,1,0,0,10,10,3,3,40,5,5,,,,0,1,0,0,0,0,0,1,0,1,0,0,1
10714735737,233176282,05/08/2019 02:21:34 AM,10,9,10,8,0,0,0,1,1,4,10,4,2,28,5,5,,,,1,0,0,0,0,0,0,1,0,1,0,1,0
10714734469,233176282,05/08/2019 02:20:41 AM,4,2,10,9,1,1,0,0,0,6,10,4,3,36,5,3,,,,0,1,0,0,0,0,0,1,0,1,0,0,1
10714734248,233176282,05/08/2019 02:20:32 AM,10,10,10,10,1,1,0,0,0,12,1,3,3,31,4,5,,,,1,0,0,0,0,0,0,1,0,1,0,1,0
10714733797,233176282,05/08/2019 02:20:12 AM,6,7,7,8,1,0,0,0,0,1,7,2,5,69,3,5,,,,0,1,0,0,0,0,0,1,0,0,0,0,1
10714733044,233176282,05/08/2019 02:19:39 AM,8,10,10,6,1,1,1,0,1,8,1,3,3,41,4,5,,,,1,0,0,0,0,0,0,1,0,1,0,1,0
10714732967,233176282,05/08/2019 02:19:35 AM,9,9,9,9,1,1,0,0,1,6,8,1,3,36,3,5,,,,1,0,0,0,0,0,0,1,0,1,0,1,0
10714732470,233176282,05/08/2019 02:19:14 AM,7,7,7,5,0,0,0,0,1,2,4,2,3,34,7,5,,,,0,1,0,0,0,0,0,1,0,0,0,0,1
10714731958,233176282,05/08/2019 02:18:53 AM,8,7,9,9,1,1,1,0,0,5,9,4,3,33,5,3,,,,1,0,0,0,0,0,0,1,0,0,0,1,0
10714730666,233176282,05/08/2019 02:17:55 AM,10,6,5,8,0,1,0,0,0,11,5,5,2,26,5,5,,,,1,0,0,0,0,0,0,1,0,1,0,1,0
10714730616,233176282,05/08/2019 02:17:52 AM,4,2,4,3,0,0,0,0,1,2,5,3,3,38,5,5,,,,0,1,0,0,0,0,0,1,0,1,0,0,1
10714730464,233176282,05/08/2019 02:17:45 AM,7,9,8,8,1,1,0,0,0,12,6,4,3,40,4,5,,,,1,0,0,0,0,0,0,1,0,1,0,1,0
10714730400,233176282,05/08/2019 02:17:42 AM,7,8,7,6,1,0,1,0,1,6,7,3,2,24,5,2,,,,1,0,0,0,0,0,0,1,0,1,0,1,0
10714728593,233176282,05/08/2019 02:16:21 AM,9,7,10,8,1,0,0,0,0,10,10,3,4,55,5,5,,,,1,0,0,0,0,0,0,1,0,0,0,1,0
10714728560,233176282,05/08/2019 02:16:20 AM,6,10,8,10,0,1,1,0,1,6,10,4,2,24,5,5,,,,1,0,0,0,0,0,0,1,0,1,0,1,0
10714727849,233176282,05/08/2019 02:15:48 AM,10,10,10,1,1,1,0,0,1,6,6,2,3,44,5,5,,,,0,1,0,0,0,0,0,1,0,0,0,0,1
10714727116,233176325,05/08/2019 02:15:13 AM,6,8,6,3,1,0,0,0,0,10,7,2,4,54,4,5,4,2,7,0,1,0,0,0,0,1,0,0,0,0,0,1
10714726805,233176282,05/08/2019 02:14:58 AM,8,10,8,3,0,1,1,1,1,6,6,4,3,37,5,5,,,,1,0,0,0,0,0,0,1,0,1,0,1,0
10714726569,233176282,05/08/2019 02:14:48 AM,6,6,9,8,0,0,1,0,0,6,10,3,4,45,4,5,,,,1,0,0,0,0,0,0,1,0,1,0,1,0
10714726291,233176282,05/08/2019 02:14:34 AM,8,9,10,7,0,0,0,0,0,2,7,5,3,36,5,5,,,,0,1,0,0,0,0,0,1,0,1,0,0,1
10714725144,233176282,05/08/2019 02:13:40 AM,7,6,8,6,0,1,1,0,0,6,7,3,2,27,4,3,,,,1,0,0,0,0,0,0,1,0,0,0,1,0
10714724915,233176282,05/08/2019 02:13:30 AM,8,8,7,7,0,0,0,0,0,8,7,4,2,29,4,4,,,,1,0,0,0,0,0,0,1,0,1,0,1,0
10714724180,233176282,05/08/2019 02:12:56 AM,3,7,8,8,1,1,1,0,1,10,8,2,2,24,5,2,,,,1,0,0,0,0,0,0,1,0,0,0,1,0
10714723724,233176282,05/08/2019 02:12:37 AM,10,5,9,8,1,1,0,0,0,11,8,5,2,20,7,4,,,,1,0,0,0,0,0,0,1,0,1,0,1,0
10714723551,233176282,05/08/2019 02:12:29 AM,10,10,10,9,0,1,0,0,1,10,8,5,3,41,5,3,,,,1,0,0,0,0,0,0,1,0,1,0,1,0
10714722380,233176325,05/08/2019 02:11:34 AM,9,9,9,9,0,1,0,0,0,1,8,4,4,45,4,4,4,4,4,1,0,0,0,0,1,0,0,0,1,0,1,0
10714721238,233176282,05/08/2019 02:10:41 AM,7,4,8,5,0,1,0,0,0,8,5,4,2,26,3,5,,,,0,1,0,0,0,0,0,1,0,0,0,0,1
10714720952,233176282,05/08/2019 02:10:26 AM,4,6,7,5,0,0,0,0,0,10,10,4,4,50,5,5,,,,0,1,0,0,0,0,0,1,0,0,1,0,1
10714720670,233176282,05/08/2019 02:10:12 AM,6,7,7,6,1,1,1,1,1,6,5,5,2,26,7,5,,,,1,0,0,0,0,0,0,1,0,0,0,1,0
10714719887,233176282,05/08/2019 02:09:33 AM,4,4,8,7,1,1,0,0,0,11,10,4,3,36,3,5,,,,1,0,0,0,0,0,0,1,0,1,0,1,0
10714718973,233176282,05/08/2019 02:08:51 AM,7,8,7,7,1,1,1,0,0,6,5,4,4,52,7,3,,,,0,1,0,0,0,0,0,1,0,1,0,0,1
10714718527,233176282,05/08/2019 02:08:32 AM,9,9,9,10,0,0,0,1,0,6,8,1,2,28,4,2,,,,1,0,0,0,0,0,0,1,0,0,0,1,0
10714717850,233176282,05/08/2019 02:07:59 AM,6,6,5,7,0,1,0,0,0,10,8,3,3,31,4,5,,,,0,1,0,0,0,0,0,1,0,0,0,0,1
10714717826,233176282,05/08/2019 02:07:58 AM,2,3,3,7,0,1,0,0,0,7,9,3,3,38,7,2,,,,1,0,0,0,0,0,0,1,0,0,0,1,0
10714716509,233176282,05/08/2019 02:06:56 AM,7,7,8,9,0,0,1,0,0,11,8,4,2,24,7,4,,,,0,1,0,0,0,0,0,1,0,0,0,0,1
10714716326,233176325,05/08/2019 02:06:47 AM,4,5,8,5,0,0,0,0,0,8,1,2,4,54,1,5,4,2,9,0,1,0,0,0,0,1,0,0,0,0,0,1
10714716307,233176282,05/08/2019 02:06:46 AM,10,10,10,7,0,0,0,0,1,11,8,4,2,28,4,5,,,,1,0,0,0,0,0,0,1,0,0,0,1,0
10714716055,233176282,05/08/2019 02:06:34 AM,3,4,5,4,0,1,1,0,1,5,5,4,4,56,6,2,,,,0,1,0,0,0,0,0,1,0,0,0,0,1
10714715752,233176282,05/08/2019 02:06:18 AM,5,3,1,5,1,1,1,1,1,6,10,4,3,37,5,2,,,,1,0,0,0,0,0,0,1,0,1,0,1,0
10714714402,233176282,05/08/2019 02:05:08 AM,8,9,10,10,1,1,1,0,1,6,8,10,3,31,7,2,,,,1,0,0,0,0,0,0,1,0,1,0,1,0
10714714330,233176282,05/08/2019 02:05:05 AM,6,8,10,5,1,0,1,0,0,11,2,3,3,43,5,5,,,,1,0,0,0,0,0,0,1,0,1,0,1,0
10714714288,233176282,05/08/2019 02:05:03 AM,6,8,10,10,0,0,0,0,1,1,7,3,2,27,3,1,,,,1,0,0,0,0,0,0,1,0,0,1,1,0
10714714173,233176282,05/08/2019 02:04:58 AM,8,7,8,9,1,1,0,0,0,6,8,3,3,40,4,5,,,,1,0,0,0,0,0,0,1,0,0,0,1,0
10714714126,233176282,05/08/2019 02:04:55 AM,10,10,10,8,1,1,0,0,1,6,10,6,3,30,5,5,,,,1,0,0,0,0,0,0,1,0,0,0,1,0
10714713877,233176282,05/08/2019 02:04:43 AM,5,6,5,6,0,0,0,0,1,4,5,3,3,30,6,2,,,,1,0,0,0,0,0,0,1,0,1,0,1,0
10714713686,233176282,05/08/2019 02:04:35 AM,5,3,4,5,0,0,0,0,0,4,8,5,3,43,5,5,,,,0,1,0,0,0,0,0,1,0,1,0,0,1
10714713302,233176282,05/08/2019 02:04:14 AM,3,9,6,6,1,0,0,0,0,11,9,2,3,35,1,5,,,,0,1,0,0,0,0,0,1,0,0,0,0,1
10714711851,233176282,05/08/2019 02:03:00 AM,6,6,5,5,0,0,0,0,1,4,5,2,3,35,6,2,,,,1,0,0,0,0,0,0,1,0,1,0,1,0
10714711814,233176282,05/08/2019 02:02:58 AM,10,10,10,10,1,1,1,1,1,8,10,2,3,32,7,5,,,,1,0,0,0,0,0,0,1,0,0,0,1,0
10714711707,233176325,05/08/2019 02:02:52 AM,2,5,5,8,0,0,0,0,0,11,10,3,5,61,5,5,5,3,2,1,0,0,0,0,1,0,0,0,0,0,1,0
10714711681,233176282,05/08/2019 02:02:51 AM,6,7,5,5,0,1,0,0,1,12,6,4,4,52,7,2,,,,1,0,0,0,0,0,0,1,0,0,0,1,0
10714711650,233176282,05/08/2019 02:02:49 AM,8,8,10,4,1,0,1,0,1,6,5,6,4,57,4,5,,,,0,1,0,0,0,0,0,1,0,0,0,0,1
10714711509,233176282,05/08/2019 02:02:42 AM,5,3,5,10,0,1,1,0,1,10,3,3,2,29,7,5,,,,1,0,0,0,0,0,0,1,0,1,0,1,0
10714711416,233176282,05/08/2019 02:02:37 AM,7,6,6,7,0,1,0,0,0,6,7,5,3,38,5,5,,,,1,0,0,0,0,0,0,1,0,0,0,1,0
10714711405,233176282,05/08/2019 02:02:36 AM,9,7,10,10,0,1,1,0,0,6,8,6,3,36,4,5,,,,0,1,0,0,0,0,0,1,0,0,0,0,1
10714711338,233176282,05/08/2019 02:02:32 AM,5,5,8,5,0,1,0,0,0,10,4,5,2,22,5,5,,,,1,0,0,0,0,0,0,1,0,0,0,1,0
10714711132,233176282,05/08/2019 02:02:23 AM,8,5,4,8,0,1,1,0,1,11,5,3,2,29,5,3,,,,1,0,0,0,0,0,0,1,0,0,0,1,0
10714710346,233176282,05/08/2019 02:01:40 AM,10,7,10,10,0,1,1,0,0,6,3,2,3,41,2,5,,,,1,0,0,0,0,0,0,1,0,0,1,1,0
10714710294,233176282,05/08/2019 02:01:37 AM,7,8,5,4,0,0,0,0,0,2,1,2,3,31,4,5,,,,0,1,0,0,0,0,0,1,0,0,0,0,1
10714709852,233176282,05/08/2019 02:01:15 AM,7,6,8,9,1,1,1,0,1,6,8,3,2,25,5,2,,,,1,0,0,0,0,0,0,1,0,0,0,1,0
10714709757,233176282,05/08/2019 02:01:11 AM,6,5,6,7,0,0,1,0,1,10,8,4,4,56,6,4,,,,0,1,0,0,0,0,0,1,0,1,0,0,1
10714709608,233176282,05/08/2019 02:01:03 AM,3,6,9,6,0,0,0,0,1,4,10,6,3,34,5,5,,,,1,0,0,0,0,0,0,1,0,1,0,1,0
10714709427,233176282,05/08/2019 02:00:55 AM,8,6,8,9,0,1,1,0,1,6,4,6,2,25,5,3,,,,1,0,0,0,0,0,0,1,0,0,0,1,0
10714709058,233176282,05/08/2019 02:00:36 AM,10,7,7,3,1,1,1,1,1,8,10,3,3,37,6,5,,,,0,1,0,0,0,0,0,1,0,0,1,0,1
10714708532,233176282,05/08/2019 02:00:07 AM,4,6,9,2,1,0,1,0,1,2,6,4,3,39,7,5,,,,1,0,0,0,0,0,0,1,0,0,0,1,0
10714708314,233176282,05/08/2019 01:59:57 AM,10,10,10,10,0,1,1,0,1,6,5,4,2,33,5,3,,,,1,0,0,0,0,0,0,1,0,1,0,1,0
10714708191,233176282,05/08/2019 01:59:50 AM,9,6,7,9,0,0,0,0,0,4,7,5,3,37,5,2,,,,1,0,0,0,0,0,0,1,0,0,0,1,0
10714707829,233176282,05/08/2019 01:59:33 AM,8,7,9,10,1,1,1,0,1,6,8,3,2,29,5,5,,,,1,0,0,0,0,0,0,1,0,1,0,1,0
10714707632,233176282,05/08/2019 01:59:22 AM,10,10,4,4,0,0,0,0,0,11,4,2,2,26,3,5,,,,0,1,0,0,0,0,0,1,0,0,0,0,1
10714707598,233176282,05/08/2019 01:59:20 AM,6,8,10,8,0,1,0,0,0,6,7,6,2,23,4,4,,,,1,0,0,0,0,0,0,1,0,0,0,1,0
10714706759,233176282,05/08/2019 01:58:37 AM,7,7,6,7,0,0,0,0,1,10,7,4,4,57,6,2,,,,1,0,0,0,0,0,0,1,0,1,0,1,0
10714705704,233176282,05/08/2019 01:57:43 AM,7,6,5,5,0,1,0,0,0,6,6,2,3,44,5,5,,,,0,1,0,0,0,0,0,1,0,0,0,0,1
10714705691,233176282,05/08/2019 01:57:42 AM,6,5,6,7,0,1,0,0,0,10,9,3,3,33,5,5,,,,1,0,0,0,0,0,0,1,0,0,0,1,0
10714705637,233176282,05/08/2019 01:57:40 AM,10,10,10,10,0,1,0,0,0,6,7,4,2,27,3,3,,,,0,1,0,0,0,0,0,1,0,0,1,0,1
10714705514,233176282,05/08/2019 01:57:33 AM,8,10,7,7,0,1,0,0,1,6,8,3,2,28,7,2,,,,0,1,0,0,0,0,0,1,0,1,0,0,1
10714705406,233176282,05/08/2019 01:57:28 AM,8,8,8,8,1,1,1,0,0,4,7,3,2,28,5,5,,,,1,0,0,0,0,0,0,1,0,0,0,1,0
10714705061,233176282,05/08/2019 01:57:09 AM,8,8,9,7,0,1,0,0,0,11,5,4,4,56,5,5,,,,0,1,0,0,0,0,0,1,0,1,0,0,1
10714704929,233176282,05/08/2019 01:57:02 AM,8,10,10,10,0,0,0,0,1,12,6,4,4,48,4,5,,,,1,0,0,0,0,0,0,1,0,0,0,1,0
10714704250,233176282,05/08/2019 01:56:26 AM,6,9,5,10,0,0,0,0,1,11,4,1,3,34,4,3,,,,0,1,0,0,0,0,0,1,0,0,0,0,1
10714704218,233176282,05/08/2019 01:56:24 AM,7,9,10,9,1,1,0,0,1,6,8,3,3,30,5,5,,,,1,0,0,0,0,0,0,1,0,0,0,1,0
10714704149,233176282,05/08/2019 01:56:20 AM,5,10,7,10,0,1,0,0,0,10,3,6,3,32,3,5,,,,1,0,0,0,0,0,0,1,0,0,0,1,0
10714704107,233176282,05/08/2019 01:56:18 AM,8,10,10,7,0,1,0,0,0,11,8,2,5,63,4,5,,,,1,0,0,0,0,0,0,1,0,0,0,1,0
10714703960,233176282,05/08/2019 01:56:10 AM,10,9,10,6,0,1,0,0,0,10,10,4,3,37,3,5,,,,1,0,0,0,0,0,0,1,0,0,0,1,0
10714703741,233176282,05/08/2019 01:55:59 AM,7,8,8,7,1,0,0,0,0,4,8,2,2,25,6,2,,,,1,0,0,0,0,0,0,1,0,1,0,1,0
10714703738,233176282,05/08/2019 01:55:59 AM,7,8,9,6,1,1,1,0,0,11,3,3,3,43,5,5,,,,0,1,0,0,0,0,0,1,0,0,0,0,1
10714703639,233176282,05/08/2019 01:55:53 AM,8,6,8,5,0,0,1,0,1,4,3,4,3,30,5,2,,,,1,0,0,0,0,0,0,1,0,0,0,1,0
10714703478,233176282,05/08/2019 01:55:44 AM,5,7,8,8,1,1,1,1,1,6,6,3,3,34,4,5,,,,1,0,0,0,0,0,0,1,0,0,1,1,0
10714703067,233176282,05/08/2019 01:55:24 AM,10,10,8,6,0,0,0,0,0,10,6,4,2,24,3,5,,,,0,1,0,0,0,0,0,1,0,0,0,0,1
10714703004,233176282,05/08/2019 01:55:20 AM,5,5,5,8,1,1,1,0,1,6,8,3,3,31,6,2,,,,1,0,0,0,0,0,0,1,0,1,0,1,0
10714702665,233176282,05/08/2019 01:55:02 AM,8,8,8,8,1,1,1,0,0,8,6,4,2,26,5,2,,,,1,0,0,0,0,0,0,1,0,1,0,1,0
10714702367,233176282,05/08/2019 01:54:44 AM,7,8,8,7,1,1,1,0,0,10,5,3,3,34,7,5,,,,0,1,0,0,0,0,0,1,0,0,0,0,1
10714702212,233176282,05/08/2019 01:54:35 AM,10,9,8,6,0,1,0,0,0,10,5,7,5,67,4,5,,,,1,0,0,0,0,0,0,1,0,0,0,1,0
10714702078,233176282,05/08/2019 01:54:28 AM,10,6,10,4,0,1,0,0,1,6,6,4,4,45,5,5,,,,1,0,0,0,0,0,0,1,0,0,0,1,0
10714701882,233176282,05/08/2019 01:54:16 AM,7,6,7,7,0,0,0,0,0,8,8,4,3,35,5,5,,,,1,0,0,0,0,0,0,1,0,0,0,1,0
10714701626,233176282,05/08/2019 01:54:03 AM,10,6,10,10,0,0,0,0,1,6,7,3,3,36,5,5,,,,0,1,0,0,0,0,0,1,0,0,0,0,1
10714701623,233176282,05/08/2019 01:54:03 AM,6,5,5,5,0,0,0,0,0,11,6,6,4,50,7,5,,,,1,0,0,0,0,0,0,1,0,1,0,1,0
10714701487,233176282,05/08/2019 01:53:55 AM,7,8,10,9,1,1,0,0,0,6,5,10,3,35,5,2,,,,1,0,0,0,0,0,0,1,0,1,0,1,0
10714701422,233176282,05/08/2019 01:53:51 AM,4,3,7,5,0,1,0,0,1,6,7,3,2,23,4,2,,,,1,0,0,0,0,0,0,1,0,0,0,1,0
10714701319,233176282,05/08/2019 01:53:45 AM,9,10,8,7,0,0,0,0,1,6,10,3,4,45,5,5,,,,1,0,0,0,0,0,0,1,0,0,0,1,0
10714701266,233176282,05/08/2019 01:53:43 AM,9,9,9,9,0,0,0,1,0,9,9,8,4,52,6,2,,,,0,1,0,0,0,0,0,1,0,1,0,0,1
10714700936,233176282,05/08/2019 01:53:23 AM,9,10,10,9,0,0,0,0,0,1,2,3,2,26,3,5,,,,1,0,0,0,0,0,0,1,0,0,0,1,0
10714700738,233176282,05/08/2019 01:53:13 AM,7,7,9,9,1,1,1,1,1,10,5,3,3,36,5,5,,,,0,1,0,0,0,0,0,1,0,0,0,0,1
10714700486,233176282,05/08/2019 01:52:58 AM,1,1,1,7,1,0,0,0,1,10,7,3,2,28,5,2,,,,1,0,0,0,0,0,0,1,0,1,0,1,0
10714699725,233176325,05/08/2019 01:52:15 AM,1,5,6,5,0,0,0,0,0,5,1,7,4,52,6,5,4,7,4,0,1,0,0,0,0,1,0,0,1,0,0,1
10714699064,233176325,05/08/2019 01:51:39 AM,6,5,6,5,1,1,0,0,0,10,4,6,4,51,4,5,4,6,9,1,0,0,0,0,1,0,0,0,1,0,1,0
10714697916,233176325,05/08/2019 01:50:36 AM,5,5,3,3,0,0,0,0,0,11,1,10,5,70,7,5,5,10,9,0,1,0,0,0,0,1,0,0,0,1,0,1
10714696835,233176325,05/08/2019 01:49:40 AM,7,7,3,5,0,0,0,0,1,2,6,6,2,20,4,5,2,6,8,1,0,0,0,0,1,0,0,0,0,1,1,0
10714695066,233176325,05/08/2019 01:48:04 AM,2,5,8,8,0,0,1,0,0,7,7,7,4,31,8,5,2,2,9,0,0,1,0,0,0,1,0,0,0,0,0,1
,,,,,,,0,0,0,0,0,,,,,,,,,,,0,0,0,1,0,0,0,1,0,0,0,0,0