Respondent ID,Collector ID,Start Date,End Date,IP Address,Email Address,First Name,Last Name,Custom Data 1,Do you contribute to hiring and firing decisions at your company?,"For many professions, alternative credentials can qualify a person for an entry-level position.",It will soon become fairly conventional for high school graduates to obtain alternative credentials instead of going to college.,"When you add up the pros and cons for online education, it's probably a good thing for society overall.","When you add up the pros and cons for artificial intelligence, it's probably a good thing for society overall.",Have you heard of any of the following online course providers?,,,,,Which of these industries most closely matches your profession?,Government regulation helps ensure businesses treat individuals more fairly.,Gender?,Household Income?,Age?,Exact Age,What is the highest level of education you have completed?,Which race/ethnicity best describes you? (Please choose only one.) ,Age,Gender,Household Income,Region,Device Type
,,,,,,,,,Response,Response,Response,Response,Response,Udacity,Udemy,Coursera,Pluralsight,Lynda.com / LinkedIn Learning,Response,Response,Response,Response,Response,Open-Ended Response,Response,Response,Response,Response,Response,Response,Response
10717170597,233176325,05/08/2019 07:48:06 PM,05/08/2019 07:49:01 PM,,,,,b7371f0f2cd209c17c229bc592,1,9,5,8,6,1,,,,,6,7,2,3,2,28,5,3,2,1,3,3,1
10717159915,233176325,05/08/2019 07:41:36 PM,05/08/2019 07:43:39 PM,,,,,6d622bfab3c9ed0c510af8b9ad,1,1,1,1,1,,,,,5,10,1,1,6,4,54,5,3,4,2,4,5,1
10717148607,233176325,05/08/2019 07:35:16 PM,05/08/2019 07:37:16 PM,,,,,729fa2caeeab6a264fe20863c8,1,1,1,5,5,,,3,,5,10,7,1,7,2,29,7,5,3,2,6,2,2
10717146478,233176325,05/08/2019 07:34:58 PM,05/08/2019 07:35:55 PM,,,,,f0bfe10de2db753bde6ac04b5d,3,1,1,1,1,,,3,,,5,1,2,11,2,18,4,6,2,1,11,9,1
10717126128,233176325,05/08/2019 07:21:21 PM,05/08/2019 07:23:30 PM,,,,,c1aeab487c4c2628e51e2d1c6d,1,10,10,9,6,,,,,5,8,10,1,4,2,24,5,5,2,2,4,5,2
10717121773,233176325,05/08/2019 07:18:43 PM,05/08/2019 07:20:54 PM,,,,,5bfcd3dc9c6ca459cf4553e39e,2,10,8,7,6,1,,,,5,6,7,2,1,1,17,3,5,2,1,11,5,1
10717119472,233176325,05/08/2019 07:17:07 PM,05/08/2019 07:19:36 PM,,,,,c091e6943f54524dd1bc41c618,2,7,1,3,2,,,,,,2,8,2,6,4,49,7,6,4,1,5,2,1
10717114829,233176325,05/08/2019 07:16:12 PM,05/08/2019 07:16:58 PM,,,,,1acf39b746e0f31ef6c3d2495e,1,1,1,4,3,1,,,,,3,3,1,5,1,35,4,5,3,1,3,1,2
10717096087,233176325,05/08/2019 07:04:04 PM,05/08/2019 07:06:17 PM,,,,,1145e2b35f11bd37c1aa51c4b4,2,5,4,5,5,,,,,5,2,6,2,3,2,24,5,3,2,1,3,3,2
10717094268,233176325,05/08/2019 07:03:31 PM,05/08/2019 07:05:14 PM,,,,,4f7930402902301e4d66e52928,1,10,1,10,6,1,,3,,5,4,5,1,4,2,24,5,6,2,2,3,7,2
10717066341,233176325,05/08/2019 06:47:26 PM,05/08/2019 06:49:25 PM,,,,,9ff886bffb5f9c05649a0e8a61,3,6,5,10,9,,,,,,10,5,1,1,2,24,4,6,2,2,3,9,2
10717061144,233176325,05/08/2019 06:45:56 PM,05/08/2019 06:46:36 PM,,,,,7094028aea3ca4c2bc759eb2ed,1,5,5,8,4,,2,,,,7,4,2,6,3,37,4,3,3,1,11,9,1
10717044408,233176325,05/08/2019 06:35:15 PM,05/08/2019 06:37:26 PM,,,,,44a11316aed99711894e48cdfb,2,10,8,10,9,,,,,5,4,4,1,5,3,35,5,5,3,2,5,9,1
10717000949,233176325,05/08/2019 06:10:51 PM,05/08/2019 06:15:00 PM,,,,,e8db22829d5911d20f61462d78,1,2,3,3,3,,,,,5,5,8,1,3,4,52,3,4,4,2,3,2,1
10716996265,233176325,05/08/2019 06:09:50 PM,05/08/2019 06:12:38 PM,,,,,13ed6493ad9a454e78f0c121bc,2,8,6,3,1,,,,,,10,5,1,2,2,21,4,2,2,2,1,4,1
10716982565,233176325,05/08/2019 06:02:15 PM,05/08/2019 06:05:48 PM,,,,,4a4df4ee75e3830f630045020a,1,9,7,9,7,,2,3,4,5,6,8,1,6,2,29,7,2,3,2,5,9,1
10716959194,233176325,05/08/2019 05:53:01 PM,05/08/2019 05:54:26 PM,,,,,dd629c62e57fb31bd1fa0215e7,2,5,5,5,4,,,,,5,6,6,2,11,2,25,4,3,2,1,11,5,1
10716944654,233176325,05/08/2019 05:46:22 PM,05/08/2019 05:47:37 PM,,,,,f49b47e17d3bbad1e34227d613,1,1,6,8,1,,,3,,,8,7,2,6,3,32,5,5,3,2,3,5,1
10716944303,233176325,05/08/2019 05:46:19 PM,05/08/2019 05:47:27 PM,,,,,d1d402bfc96cf2535c894ac320,2,10,5,10,10,,,,,5,10,10,1,10,3,41,6,5,3,2,9,1,1
10716929852,233176325,05/08/2019 05:39:11 PM,05/08/2019 05:40:44 PM,,,,,597ab008375d20dd64e652cb50,1,4,4,6,7,,,,,5,8,7,3,6,4,63,6,6,2,2,3,3,1
10716926528,233176325,05/08/2019 05:37:22 PM,05/08/2019 05:39:11 PM,,,,,d58402379634a75eec56e3c986,2,10,5,5,5,1,,,,,10,10,3,2,2,24,5,5,2,2,2,9,2
10716919791,233176325,05/08/2019 05:29:36 PM,05/08/2019 05:36:04 PM,,,,,5370b0bcc6d02f1c73fad55b28,3,5,5,10,7,,,,,5,10,5,1,3,2,22,3,5,2,2,3,6,1
10716901671,233176325,05/08/2019 05:25:49 PM,05/08/2019 05:27:53 PM,,,,,6f19b42aa32c3cf65e9f01745e,2,3,3,3,7,1,,,,,3,8,1,5,2,27,5,5,2,2,3,4,2
10716889480,233176325,05/08/2019 05:08:01 PM,05/08/2019 05:22:33 PM,,,,,532b2e6a3dd09c290d8f47d893,2,8,8,8,5,,2,,,,4,7,2,4,2,26,4,5,2,1,3,3,2
10716833553,233176325,05/08/2019 04:56:52 PM,05/08/2019 04:58:52 PM,,,,,b9fe69ecddd987446ac23242d0,1,1,10,10,5,,,,,5,10,8,1,3,3,30,4,5,3,2,2,9,2
10716817744,233176325,05/08/2019 04:49:50 PM,05/08/2019 04:52:22 PM,,,,,f52240e5e07589e0e881594b16,2,6,6,5,6,,,,,5,2,8,2,2,2,26,6,5,2,1,2,3,4
10716814555,233176325,05/08/2019 04:48:01 PM,05/08/2019 04:51:07 PM,,,,,a449814b25c7e5ba2ab619dc2d,3,5,3,5,6,,,,,,5,9,2,5,2,18,3,5,2,1,5,2,1
10716810223,233176325,05/08/2019 04:48:43 PM,05/08/2019 04:49:32 PM,,,,,3135488e815ddb6d5583a09750,1,5,5,7,4,1,,,,,5,5,2,3,2,51,7,2,2,1,5,4,1
10716808747,233176325,05/08/2019 04:47:08 PM,05/08/2019 04:48:52 PM,,,,,e7087f96e63356025127cf9121,2,1,4,3,6,,2,,,,10,1,1,6,3,44,3,4,3,2,6,2,2
10716804233,233176325,05/08/2019 04:46:24 PM,05/08/2019 04:47:04 PM,,,,,85ace12e319500fd32b408b0d6,1,4,6,8,7,,,3,,,7,6,1,3,3,31,4,4,3,2,2,9,2
10716770614,233176325,05/08/2019 04:30:02 PM,05/08/2019 04:33:53 PM,,,,,6032e571ce67deeac05822ce14,3,1,1,6,1,1,2,,,,6,4,2,4,4,56,4,5,4,1,4,4,2
10716767737,233176325,05/08/2019 04:31:11 PM,05/08/2019 04:32:52 PM,,,,,6e0d564a2dabfd4620685a330c,2,7,10,7,4,,2,,,,2,4,1,6,2,23,3,5,3,2,1,2,1
10716746183,233176325,05/08/2019 04:21:26 PM,05/08/2019 04:24:59 PM,,,,,03fc3306f25db74117b9e74ccf,2,1,4,3,4,,,,,5,12,7,1,3,3,32,6,1,3,2,4,9,1
10716731880,233176325,05/08/2019 04:19:10 PM,05/08/2019 04:19:47 PM,,,,,f9418ecce215092d51badeaaf5,2,5,6,8,8,,,3,,,9,8,2,8,4,54,3,5,3,2,1,2,1
10716709749,233176325,05/08/2019 04:09:33 PM,05/08/2019 04:12:04 PM,,,,,cf05f0170dec9b946368bb8564,3,8,4,6,6,,,,,5,8,8,2,1,2,24,4,5,2,1,1,8,4
10716702968,233176325,05/08/2019 04:08:42 PM,05/08/2019 04:09:44 PM,,,,,9ed710b0ec13bc883dc74d2500,2,3,3,4,5,1,,3,,,2,7,1,6,3,41,5,2,3,2,6,9,1
10716701192,233176325,05/08/2019 04:06:51 PM,05/08/2019 04:09:08 PM,,,,,9b41e6d883e5f062c0c552e2a5,2,10,10,10,1,,,,,,10,10,2,2,3,38,4,5,3,1,2,8,1
10716690659,233176325,05/08/2019 04:04:09 PM,05/08/2019 04:05:31 PM,,,,,790caf69ed43c2aae1a647c4ab,1,6,5,8,4,,,,4,,2,6,1,5,2,29,5,3,2,2,4,7,1
10716668963,233176325,05/08/2019 03:56:39 PM,05/08/2019 03:58:23 PM,,,,,4f8c4af966413f66ba9759a8d1,1,7,8,5,7,,,3,,,6,8,2,6,2,29,7,5,2,1,2,9,2
10716653117,233176325,05/08/2019 03:50:43 PM,05/08/2019 03:52:39 PM,,,,,4e94bfa375fe20a7897e44d8aa,2,10,10,5,4,,2,3,,,5,5,2,2,2,25,5,5,2,1,2,7,2
10716559210,233176325,05/08/2019 03:16:12 PM,05/08/2019 03:17:29 PM,,,,,45f7a9a20697cd13da277b1e4f,2,10,10,10,10,,,,,,11,4,1,4,2,28,4,4,2,2,4,8,1
10716545549,233176325,05/08/2019 03:11:31 PM,05/08/2019 03:12:32 PM,,,,,cd23a2b288178a6de44f08eaa2,2,5,5,6,6,,2,,,,9,7,2,3,2,28,6,2,2,2,2,5,1
10716534742,233176325,05/08/2019 03:01:16 PM,05/08/2019 03:08:37 PM,,,,,5d95482ea5c1fcf7af3352b5c8,2,7,8,9,6,,,,,5,10,6,1,4,2,18,2,5,2,2,3,5,1
10716521025,233176325,05/08/2019 03:01:51 PM,05/08/2019 03:03:49 PM,,,,,6ecdab88b9258fb51a2df16871,2,10,8,6,5,,,,,,5,9,1,3,5,60,4,5,4,2,3,1,2
10716519861,233176325,05/08/2019 03:01:54 PM,05/08/2019 03:03:26 PM,,,,,d0a2828555016c1d36eaa119a3,2,5,9,10,4,,,3,,,5,4,1,2,2,19,4,4,2,2,1,9,1
10716485495,233176325,05/08/2019 02:49:51 PM,05/08/2019 02:51:24 PM,,,,,97c62cea6127c7864ea8005299,3,7,5,8,2,,,,,5,2,8,1,5,3,33,6,5,3,1,5,4,1
10716478032,233176325,05/08/2019 02:46:21 PM,05/08/2019 02:48:46 PM,,,,,b0319320726e9c62441f9814fc,2,7,8,10,8,1,,,,,4,4,2,3,3,35,6,5,3,1,3,4,2
10716464523,233176325,05/08/2019 02:42:07 PM,05/08/2019 02:44:08 PM,,,,,759374129ce8750367bd74d826,2,10,1,7,5,,2,,,5,10,7,1,3,2,28,5,5,2,2,3,7,1
10716431486,233176325,05/08/2019 02:31:07 PM,05/08/2019 02:32:38 PM,,,,,76d307531c12563fca2731bc2e,1,6,7,8,10,1,2,3,,5,6,5,2,7,2,28,5,5,2,1,6,2,2
10716428094,233176325,05/08/2019 02:29:30 PM,05/08/2019 02:31:29 PM,,,,,bc6702b8565ae1801ec0ac28c7,2,10,10,10,10,,,,,5,11,10,1,2,4,57,5,5,4,2,2,6,2
10716356386,233176325,05/08/2019 02:05:13 PM,05/08/2019 02:06:37 PM,,,,,ead72797b94b55969bce062aa6,2,6,10,10,6,,,,,5,10,9,1,2,4,48,3,5,4,2,2,4,2
10716353127,233176325,05/08/2019 02:02:38 PM,05/08/2019 02:05:31 PM,,,,,606d9b231168008f9001c42345,1,9,7,6,3,1,,,4,5,10,8,1,9,3,30,5,5,3,2,6,2,1
10716352983,233176325,05/08/2019 02:02:31 PM,05/08/2019 02:05:28 PM,,,,,3596ca013734ab9a81107d4147,3,6,1,8,8,1,2,,,5,6,4,2,5,1,17,3,5,2,1,11,4,1
10716303230,233176325,05/08/2019 01:46:05 PM,05/08/2019 01:48:35 PM,,,,,8b0f465fc94a20317d3743b1f0,2,10,7,8,5,,,,,5,10,7,1,11,2,19,4,6,2,2,11,2,1
10716302917,233176325,05/08/2019 01:47:42 PM,05/08/2019 01:48:27 PM,,,,,1c13b389e40be2bdfb6fd0a756,3,5,5,5,5,,,3,,,12,5,1,1,3,30,3,5,3,2,1,3,1
10716259723,233176325,05/08/2019 01:32:07 PM,05/08/2019 01:34:05 PM,,,,,b0bbde2c7d76f683de6f3c9a3b,2,6,10,4,4,,,,,5,6,6,1,3,2,23,4,2,2,2,1,1,1
10716259338,233176325,05/08/2019 01:32:16 PM,05/08/2019 01:33:57 PM,,,,,ad0c9995dc8c47cbcf8d28d053,2,2,9,10,6,,,3,,,2,6,1,1,3,26,4,6,2,2,11,5,2
10716254785,233176325,05/08/2019 01:31:15 PM,05/08/2019 01:32:23 PM,,,,,bddc8b0744f040d3f89e87710d,1,1,6,7,4,,,3,,5,4,7,1,4,2,29,5,5,2,2,4,2,2
10716224877,233176325,05/08/2019 01:16:08 PM,05/08/2019 01:21:51 PM,,,,,49d83f4771f9fc6c2f800482d5,3,10,6,8,10,,,,,5,4,10,1,3,5,63,1,5,5,2,2,7,1
10716179740,233176325,05/08/2019 01:04:11 PM,05/08/2019 01:06:22 PM,,,,,ea57e84da5b52754ef2809e599,1,9,10,6,3,,,,,5,1,8,1,4,3,35,7,5,3,2,4,3,2
10716169169,233176325,05/08/2019 01:00:48 PM,05/08/2019 01:02:42 PM,,,,,08e511919e9036887a89fccded,2,10,10,10,8,1,,,,5,10,10,1,5,2,25,5,5,2,2,5,6,2
10716138367,233176325,05/08/2019 12:48:27 PM,05/08/2019 12:52:16 PM,,,,,90dd6c91402a9d83c64b82de97,2,6,4,7,5,,,,,5,4,3,2,11,1,19,3,3,2,1,11,5,1
10716137256,233176325,05/08/2019 12:48:04 PM,05/08/2019 12:51:53 PM,,,,,442175331989d8f6147864e665,2,8,3,2,2,,,,,5,6,7,2,6,3,43,4,5,3,1,6,9,2
10716042744,233176325,05/08/2019 12:16:13 PM,05/08/2019 12:19:26 PM,,,,,32db65a9f3a886399f55b8afd3,2,4,6,10,1,,,,,5,9,3,2,4,4,58,4,5,4,1,4,7,1
10716041210,233176325,05/08/2019 12:16:55 PM,05/08/2019 12:18:55 PM,,,,,ddbf85542fcffcbfbd736f6651,1,8,6,6,5,,2,3,,5,5,7,2,5,2,29,7,5,2,1,5,2,2
10716033716,233176282,05/08/2019 12:10:38 PM,05/08/2019 12:16:22 PM,98.151.192.68,,,,,1,7,5,8,10,1,,,,,6,8,2,7,3,44,5,5,,,,,
10716028704,233176325,05/08/2019 12:11:25 PM,05/08/2019 12:14:41 PM,,,,,2228f206432a2231eaf1ab8b69,2,6,8,7,7,,2,,,5,6,6,2,3,2,28,4,5,2,1,2,9,2
10716028305,233176325,05/08/2019 12:13:31 PM,05/08/2019 12:14:33 PM,,,,,9e61b5659302b8f8a4a171550f,2,8,4,7,5,,,,,5,7,6,3,6,3,29,3,5,4,1,11,5,1
10715950248,233176325,05/08/2019 11:47:39 AM,05/08/2019 11:49:33 AM,,,,,e4f8dcc11fc8b93a48eecaab87,2,5,7,8,10,,,,4,,4,4,2,7,2,25,6,5,3,1,7,2,2
10715899825,233176325,05/08/2019 11:32:16 AM,05/08/2019 11:34:19 AM,,,,,49c382b18b2477b0e8f66a6017,2,10,5,5,3,,,,,5,5,6,1,7,3,40,5,5,3,2,7,9,1
10715892570,233176325,05/08/2019 11:27:58 AM,05/08/2019 11:32:06 AM,,,,,354bebd1db5dff285782f5dd04,1,1,3,4,4,,2,,,,2,4,2,3,4,65,1,4,4,1,4,5,1
10715860142,233176325,05/08/2019 11:19:04 AM,05/08/2019 11:22:26 AM,,,,,b205a6789b50a80d35b4085a3c,1,1,5,6,5,,,,,5,10,6,1,3,4,51,1,5,4,2,2,8,1
10715749143,233176325,05/08/2019 10:46:26 AM,05/08/2019 10:48:36 AM,,,,,4751dd2f5094ee907e88faf8e5,1,10,8,10,6,1,2,,,5,6,7,2,8,4,54,5,5,4,1,5,3,1
10715716273,233176325,05/08/2019 10:36:05 AM,05/08/2019 10:38:25 AM,,,,,511fcbacf205d838e31b1ef86d,1,1,3,7,4,,2,,,5,10,3,2,8,5,62,7,5,5,1,9,9,1
10715560693,233176325,05/08/2019 09:47:42 AM,05/08/2019 09:48:46 AM,,,,,77bbcb300b9a73adaf29463ee8,1,5,5,6,6,,,3,,,8,7,3,6,3,41,2,4,5,1,1,9,1
10715419282,233176325,05/08/2019 08:57:33 AM,05/08/2019 08:58:49 AM,,,,,b8040256e7df3b966f322e6a84,1,10,8,6,6,1,,,,,4,7,1,6,2,29,3,3,2,2,5,5,1
10715236453,233176325,05/08/2019 07:38:31 AM,05/08/2019 07:41:00 AM,,,,,bd3292fbfc752d2fa477b2ad23,2,2,8,4,5,,,,,,5,7,1,3,5,43,3,5,5,2,4,5,4
10715233455,233176325,05/08/2019 07:37:09 AM,05/08/2019 07:39:26 AM,,,,,6185a2fd5418f39c3575d51498,2,8,7,7,7,,,,,5,2,5,2,6,5,63,7,5,5,1,5,2,4
10715216302,233176325,05/08/2019 07:28:14 AM,05/08/2019 07:30:31 AM,,,,,1ea5e0188c556f95c48817d489,2,9,7,10,9,,,,,,5,10,2,10,5,63,8,4,5,1,10,5,5
10715189846,233176325,05/08/2019 07:15:08 AM,05/08/2019 07:16:06 AM,,,,,9cc584ce5acff09092cfc88b5d,1,5,4,5,5,,,,,5,11,5,1,3,4,50,3,5,4,2,3,2,2
10715189664,233176325,05/08/2019 07:06:26 AM,05/08/2019 07:16:00 AM,,,,,6560d83a22ecd47436bb97a690,1,6,8,8,5,,,,,5,6,5,1,4,4,46,4,5,4,2,2,2,2
10715186124,233176325,05/08/2019 07:12:21 AM,05/08/2019 07:14:04 AM,,,,,8edba1708307557bad87edb630,2,7,5,4,5,,,,4,,2,6,1,2,4,58,4,4,4,2,2,5,2
10715186115,233176325,05/08/2019 07:11:42 AM,05/08/2019 07:14:03 AM,,,,,29298f34732eb84d78eb0529e9,1,3,5,8,2,1,2,3,,5,10,5,2,5,2,26,2,5,2,1,4,5,1
10715185275,233176325,05/08/2019 07:11:01 AM,05/08/2019 07:13:36 AM,,,,,3a2eec87c5ed655e5210cc2ac2,2,8,7,7,7,,,,,5,10,5,2,5,4,50,3,4,4,1,5,8,1
10715184522,233176325,05/08/2019 07:11:03 AM,05/08/2019 07:13:11 AM,,,,,ee385fefc7db388774ba738013,2,3,3,4,4,,,,,,3,2,2,5,5,47,5,5,5,1,5,1,4
10715183805,233176325,05/08/2019 07:11:10 AM,05/08/2019 07:12:49 AM,,,,,c065d95c29057107aa6c2f5e55,2,5,7,8,6,,,,,5,5,4,1,4,3,36,5,5,3,2,4,3,2
10715177715,233176325,05/08/2019 07:03:19 AM,05/08/2019 07:09:24 AM,,,,,7ba1c266f0c44b2a21fae69ab9,2,5,8,6,7,,,,,5,11,8,1,11,4,54,4,4,4,2,11,7,1
10715161723,233176325,05/08/2019 06:58:17 AM,05/08/2019 07:00:29 AM,,,,,2543ddfbf481cc647dd2d30ade,1,2,2,8,9,,,3,,,5,6,2,10,5,61,7,5,5,1,9,5,4
10715154771,233176325,05/08/2019 06:54:40 AM,05/08/2019 06:56:33 AM,,,,,b5034542e3a0ce0998cdfce8bb,2,3,9,6,8,1,,,,,2,7,1,10,5,72,7,5,5,2,6,7,1
10715145967,233176325,05/08/2019 06:49:31 AM,05/08/2019 06:51:26 AM,,,,,ba9193853f94e51bc1ca6b7c0a,1,7,5,5,5,,,,,5,6,5,2,7,4,56,5,5,4,1,7,6,4
10715125016,233176325,05/08/2019 06:37:26 AM,05/08/2019 06:39:18 AM,,,,,9e1c8c873db0ebc30233f95f8d,3,4,7,6,5,,,,,5,10,4,2,2,5,68,4,5,5,1,2,5,2
10715124365,233176325,05/08/2019 06:37:02 AM,05/08/2019 06:38:55 AM,,,,,de87f164b3b2940ed631137f03,1,5,7,5,6,1,,,,,2,1,1,6,4,47,5,5,4,2,6,5,1
10715124161,233176325,05/08/2019 06:37:05 AM,05/08/2019 06:38:48 AM,,,,,930eee6e827bfe6891d06fd147,3,6,5,7,7,,,3,,,10,5,1,2,4,45,3,5,4,2,2,7,2
10715117430,233176325,05/08/2019 06:31:35 AM,05/08/2019 06:34:52 AM,,,,,f776e193a67b216bd9a3b71f84,2,5,4,1,10,,,,,5,8,6,2,2,4,55,1,5,4,1,2,2,2
10715087538,233176325,05/08/2019 06:14:48 AM,05/08/2019 06:17:02 AM,,,,,c255552621420711a460b5b145,1,6,6,7,10,,,3,,,6,8,2,7,3,47,7,3,4,2,5,3,2
10715086839,233176325,05/08/2019 06:14:18 AM,05/08/2019 06:16:38 AM,,,,,db75de17d430ef2f6cedf1d4a4,2,8,6,7,4,1,,,,,5,9,1,7,4,59,5,5,5,2,7,9,4
10715083990,233176325,05/08/2019 06:10:42 AM,05/08/2019 06:14:50 AM,,,,,cf111be9c762ca5820732b01d1,2,2,8,7,3,,,,,5,10,7,1,4,4,58,3,3,4,2,4,2,1
10715077361,233176325,05/08/2019 06:07:16 AM,05/08/2019 06:10:46 AM,,,,,8822b59e916c2d1054b1e59cda,1,6,7,8,8,,2,,,,10,10,2,2,5,54,1,5,5,1,2,6,2
10715075920,233176325,05/08/2019 06:07:19 AM,05/08/2019 06:09:53 AM,,,,,ad3e7f7069b6aade9e05bbe908,2,7,7,7,6,,,3,,,6,8,2,3,4,53,5,5,4,1,2,5,2
10715069269,233176325,05/08/2019 06:03:34 AM,05/08/2019 06:05:45 AM,,,,,d413fb1d61dd1375f5e5662885,2,6,7,10,6,,,,,5,2,1,2,11,5,67,7,6,5,1,11,2,2
10715068397,233176325,05/08/2019 06:00:55 AM,05/08/2019 06:05:12 AM,,,,,2f28d6d4ef787f8f47c97bf8e1,1,4,2,4,4,,,,,5,10,5,1,5,4,46,5,5,4,2,4,2,1
10715066538,233176282,05/08/2019 06:01:10 AM,05/08/2019 06:04:06 AM,78.179.154.51,,,,,1,8,9,8,6,,2,3,,,11,10,2,4,3,35,6,5,,,,,
10715063544,233176325,05/08/2019 06:00:00 AM,05/08/2019 06:02:12 AM,,,,,1851ac0d0ffddf54147ddccca9,1,7,7,7,5,,,,,5,10,7,1,6,3,42,4,5,3,2,5,2,1
10715060918,233176325,05/08/2019 05:59:56 AM,05/08/2019 06:00:34 AM,,,,,ea8170184ba6a0de488a2afd3b,1,4,6,7,7,,2,,,,4,6,1,6,2,21,6,2,3,2,4,7,1
10715053124,233176325,05/08/2019 05:53:16 AM,05/08/2019 05:55:34 AM,,,,,438c90ab922bfed316103bae9a,3,10,5,8,10,1,,3,,5,2,5,1,3,4,46,7,5,4,2,3,7,2
10715051560,233176325,05/08/2019 05:52:03 AM,05/08/2019 05:54:35 AM,,,,,9defceb657c9249f4fd5e2b960,1,10,8,6,7,,,3,,,3,1,2,5,3,30,6,6,3,1,5,5,1
10715051532,233176325,05/08/2019 05:53:15 AM,05/08/2019 05:54:34 AM,,,,,9da7b209b8d7b06bcee36b10e5,1,2,4,4,3,1,,,,,8,7,2,7,4,45,5,5,4,1,11,8,2
10715039821,233176325,05/08/2019 05:44:48 AM,05/08/2019 05:47:09 AM,,,,,b1842926f7093440ed66bc7166,1,6,4,7,9,,,,,,5,8,1,10,5,66,6,5,5,2,10,3,1
10715033322,233176325,05/08/2019 05:40:00 AM,05/08/2019 05:42:56 AM,,,,,eb2a1af491f246050fb3afff1a,2,6,6,7,5,,,3,,,2,8,2,3,4,47,7,5,4,1,3,2,1
10715025638,233176325,05/08/2019 05:35:36 AM,05/08/2019 05:38:22 AM,,,,,5fa1ba4dccaafa535b87215d77,2,10,8,7,7,,,,,,2,7,1,6,5,62,5,5,5,2,6,1,2
10715017975,233176282,05/08/2019 05:32:04 AM,05/08/2019 05:33:44 AM,24.147.73.45,,,,,1,6,5,8,7,,2,,,5,4,6,2,4,3,32,5,5,,,,,
10715012944,233176325,05/08/2019 05:28:31 AM,05/08/2019 05:30:53 AM,,,,,d9e57cbc58978ba3bd387d9f59,1,3,3,7,7,,2,3,,,11,6,2,7,3,34,7,5,3,1,6,4,1
10715011343,233176325,05/08/2019 05:27:08 AM,05/08/2019 05:29:56 AM,,,,,6e43908a1de8a832710bc123e3,2,10,10,10,5,,,,,,5,1,1,6,4,59,7,5,4,2,6,5,2
10715008922,233176325,05/08/2019 05:25:27 AM,05/08/2019 05:28:32 AM,,,,,55a4ef70d455e8132f4f7bf9a9,2,10,10,5,5,1,2,,,,4,5,2,3,2,28,5,2,2,1,2,1,1
10715008530,233176325,05/08/2019 05:27:15 AM,05/08/2019 05:28:16 AM,,,,,9ba318006021ece35186d7488f,2,3,3,3,3,,2,,,,6,6,2,6,2,51,5,5,4,1,4,1,1
10715004321,233176325,05/08/2019 05:24:21 AM,05/08/2019 05:25:53 AM,,,,,91d6a0f622cded32e4a3e5ed85,1,4,5,3,2,,,,,5,5,3,1,4,3,37,2,5,3,2,3,3,2
10714994511,233176325,05/08/2019 05:18:15 AM,05/08/2019 05:19:59 AM,,,,,f261b8ba8078e5741cabf430b7,1,6,4,5,4,1,2,3,,5,10,6,2,3,5,56,6,2,5,1,1,1,2
10714989888,233176325,05/08/2019 05:12:41 AM,05/08/2019 05:17:04 AM,,,,,5f39f7875b3a216c56c86a3754,2,6,7,8,3,,,,,5,12,1,1,11,4,57,3,5,4,2,11,3,4
10714985579,233176325,05/08/2019 05:12:42 AM,05/08/2019 05:14:18 AM,,,,,9ce9daf04ef2eee949e78416ee,2,8,7,8,6,,,,,5,2,9,1,4,4,47,4,5,4,2,4,2,1
10714984886,233176325,05/08/2019 05:12:17 AM,05/08/2019 05:13:51 AM,,,,,b74411ad55793fa94dac7a4c77,1,6,3,4,5,,,,,5,4,5,2,4,4,51,4,5,4,1,4,5,1
10714977489,233176325,05/08/2019 05:06:06 AM,05/08/2019 05:09:14 AM,,,,,43a055bb69c0604abd8e450f58,1,10,10,10,10,1,,,,,5,1,2,5,4,49,4,5,4,1,5,4,2
10714975059,233176282,05/08/2019 05:03:56 AM,05/08/2019 05:07:47 AM,24.165.182.250,,,,,1,10,5,7,7,1,,,,,10,10,1,5,4,55,7,5,,,,,
10714971773,233176282,05/08/2019 05:03:30 AM,05/08/2019 05:05:47 AM,198.136.26.47,,,,,2,3,4,5,7,,2,,,,11,8,2,3,3,39,4,2,,,,,
10714965756,233176325,05/08/2019 05:01:18 AM,05/08/2019 05:02:11 AM,,,,,3cf6b5d896dc11147fcaadfcbe,1,6,8,8,9,,,3,,,7,5,3,6,3,49,2,3,4,2,2,5,1
10714962328,233176325,05/08/2019 04:57:31 AM,05/08/2019 04:59:57 AM,,,,,6d5520bf0bb29151867f6d8d22,1,8,7,8,8,,2,3,,5,6,8,2,3,4,46,4,2,4,1,3,9,2
10714959338,233176282,05/08/2019 04:54:43 AM,05/08/2019 04:57:53 AM,122.170.166.123,,,,,1,7,6,4,5,1,2,3,,5,4,7,2,6,4,48,7,2,,,,,
10714957612,233176325,05/08/2019 04:53:52 AM,05/08/2019 04:56:45 AM,,,,,3f95e06a852e81aaf6fa47e3a8,3,10,10,10,7,,,,,,4,1,1,5,5,73,4,5,5,2,5,9,4
10714957581,233176282,05/08/2019 04:55:19 AM,05/08/2019 04:56:44 AM,74.193.56.229,,,,,3,7,9,10,10,1,2,3,,5,10,6,1,2,2,27,3,5,,,,,
10714956040,233176325,05/08/2019 04:53:08 AM,05/08/2019 04:55:41 AM,,,,,da1ca0fa3e283d39d9aa887cd9,2,6,3,5,7,,,,,,8,6,2,7,5,63,6,5,5,1,7,7,1
10714950230,233176325,05/08/2019 04:48:26 AM,05/08/2019 04:52:00 AM,,,,,9fd5fe3cf2c97f7ff10bc7e2e9,2,2,9,4,6,1,,,,,10,8,2,2,4,53,4,5,4,1,2,2,2
10714947506,233176325,05/08/2019 04:48:43 AM,05/08/2019 04:50:14 AM,,,,,1b0c0068d90c1491280050adc2,1,10,10,9,8,,2,,,,1,7,1,3,2,23,3,1,2,2,3,1,1
10714944874,233176282,05/08/2019 04:47:30 AM,05/08/2019 04:48:32 AM,165.225.38.77,,,,,1,7,8,9,9,,,,,5,8,7,2,5,3,42,4,5,,,,,
10714944133,233176325,05/08/2019 04:47:24 AM,05/08/2019 04:48:01 AM,,,,,017d75f562451252d7e29d617f,1,1,1,4,4,,2,,,,4,4,3,7,3,33,2,3,2,1,1,5,1
10714944108,233176282,05/08/2019 04:46:06 AM,05/08/2019 04:48:01 AM,68.199.29.126,,,,,1,4,6,10,10,1,,,,5,5,6,1,3,2,29,6,2,,,,,
10714941724,233176282,05/08/2019 04:44:33 AM,05/08/2019 04:46:25 AM,24.220.125.64,,,,,2,7,3,5,5,1,2,,,,11,4,2,2,2,22,4,3,,,,,
10714940766,233176325,05/08/2019 04:43:37 AM,05/08/2019 04:45:48 AM,,,,,5dab4a45579279b4fb4e6aecab,1,7,7,6,5,,,,,5,7,8,2,5,4,51,6,5,4,1,5,6,1
10714940223,233176325,05/08/2019 04:43:21 AM,05/08/2019 04:45:26 AM,,,,,2fb044a2056e7ce9a8d66971d1,2,9,7,6,4,,,,,5,5,5,1,4,4,45,4,3,4,2,4,5,2
10714933897,233176282,05/08/2019 04:38:25 AM,05/08/2019 04:41:17 AM,184.90.247.11,,,,,1,7,8,8,8,,,,,5,7,6,2,5,3,30,8,5,,,,,
10714932800,233176282,05/08/2019 04:37:22 AM,05/08/2019 04:40:33 AM,86.88.86.22,,,,,2,7,10,10,9,,,,,5,2,6,2,2,2,27,5,5,,,,,
10714931789,233176282,05/08/2019 04:37:24 AM,05/08/2019 04:39:54 AM,98.181.216.30,,,,,2,4,5,9,7,,,,,5,12,7,2,2,2,25,4,5,,,,,
10714930223,233176325,05/08/2019 04:37:06 AM,05/08/2019 04:38:55 AM,,,,,7c7931a6faca4a26ec8b30d3f6,2,9,4,10,3,1,2,,,,12,10,1,11,4,58,5,4,4,2,6,1,1
10714925338,233176325,05/08/2019 04:34:03 AM,05/08/2019 04:35:40 AM,,,,,145ef10f02595a50bc344ba986,1,6,7,10,7,,,,,,12,10,2,6,4,55,4,5,4,1,7,9,2
10714923513,233176325,05/08/2019 04:32:39 AM,05/08/2019 04:34:32 AM,,,,,47fa92a89b7172293ba886d1e4,2,7,4,6,2,,,,,5,11,5,1,3,4,56,2,5,4,2,3,8,1
10714921589,233176282,05/08/2019 04:30:52 AM,05/08/2019 04:34:33 AM,68.35.240.229,,,,,2,10,10,7,5,,,,,,10,5,2,3,5,68,3,5,,,,,
10714918860,233176325,05/08/2019 04:29:15 AM,05/08/2019 04:31:36 AM,,,,,ef5c7b513e32a436a2c8dee15c,2,4,3,5,3,,,,,5,3,4,1,4,4,55,5,5,4,2,4,5,1
10714918319,233176282,05/08/2019 04:28:13 AM,05/08/2019 04:31:15 AM,98.202.23.39,,,,,1,8,7,9,7,1,,3,,,6,4,1,3,4,51,4,5,,,,,
10714916960,233176325,05/08/2019 04:29:37 AM,05/08/2019 04:30:25 AM,,,,,0b3215b949212c92111717bea3,1,8,8,8,8,,2,3,,,8,8,2,3,4,49,5,5,4,1,3,3,2
10714916097,233176282,05/08/2019 04:27:56 AM,05/08/2019 04:29:52 AM,68.102.123.204,,,,,2,10,7,8,10,,,,,5,10,6,2,3,2,27,4,5,,,,,
10714913670,233176282,05/08/2019 04:25:40 AM,05/08/2019 04:28:20 AM,23.125.150.184,,,,,1,5,6,9,10,,2,3,,,5,6,1,3,4,46,5,3,,,,,
10714911145,233176325,05/08/2019 04:24:16 AM,05/08/2019 04:26:44 AM,,,,,cb8d7d82c3af0b2ca81f3a3c68,1,7,5,5,8,1,,,,,2,9,1,4,4,48,7,5,4,2,4,7,1
10714910523,233176325,05/08/2019 04:23:52 AM,05/08/2019 04:26:21 AM,,,,,7118342f9d799c7598d302e500,2,9,5,8,8,,,,,,8,9,2,5,4,57,7,5,4,1,6,5,1
10714908901,233176282,05/08/2019 04:22:53 AM,05/08/2019 04:25:54 AM,68.5.60.171,,,,,2,7,7,9,9,,2,,,,10,5,2,1,4,46,4,4,,,,,
10714904396,233176325,05/08/2019 04:19:55 AM,05/08/2019 04:22:43 AM,,,,,d648a9364b21a46e43558365eb,3,4,8,3,8,1,,,,5,12,4,2,10,5,76,6,5,5,1,10,5,1
10714903954,233176282,05/08/2019 04:20:40 AM,05/08/2019 04:22:28 AM,73.137.167.94,,,,,2,5,5,9,7,,2,3,,5,10,5,1,3,3,42,4,5,,,,,
10714903769,233176325,05/08/2019 04:20:32 AM,05/08/2019 04:22:20 AM,,,,,d3f61f0f528c03c642e588c621,2,5,5,7,2,,,,,5,11,7,1,5,4,49,3,5,4,2,5,1,1
10714902633,233176282,05/08/2019 04:19:05 AM,05/08/2019 04:21:37 AM,73.167.160.209,,,,,2,4,8,8,5,1,,,,,5,2,1,3,4,53,5,5,,,,,
10714901662,233176282,05/08/2019 04:18:46 AM,05/08/2019 04:21:01 AM,71.135.101.132,,,,,2,6,4,9,6,,2,,,5,10,10,1,1,4,55,4,5,,,,,
10714901532,233176282,05/08/2019 04:19:16 AM,05/08/2019 04:20:56 AM,97.64.77.220,,,,,2,8,8,9,3,,,3,,,10,7,1,2,4,52,5,5,,,,,
10714897277,233176325,05/08/2019 04:15:50 AM,05/08/2019 04:18:09 AM,,,,,fe35d12fbf8a30a2f1534641d2,2,1,1,1,1,,,3,,,7,5,1,4,4,55,1,5,4,2,3,9,1
10714891832,233176282,05/08/2019 04:12:29 AM,05/08/2019 04:14:43 AM,68.44.8.112,,,,,1,2,2,10,9,1,,,,,5,3,2,5,3,38,7,5,,,,,
10714890755,233176325,05/08/2019 04:11:20 AM,05/08/2019 04:13:59 AM,,,,,dcd80a7e42058e626044fdb4e2,3,10,8,5,5,,2,,,,10,8,1,1,2,28,3,4,2,2,1,2,2
10714890718,233176325,05/08/2019 04:12:27 AM,05/08/2019 04:13:57 AM,,,,,c5654c77641a952722a423d922,2,10,8,10,8,,,,,5,10,10,1,3,4,56,4,5,4,2,3,4,4
10714889694,233176325,05/08/2019 04:11:13 AM,05/08/2019 04:13:13 AM,,,,,58cb16053570a54a8cf7f3e0ce,1,1,1,1,1,,,,,5,11,4,2,3,2,28,4,5,2,1,2,3,1
10714880670,233176282,05/08/2019 04:05:55 AM,05/08/2019 04:07:02 AM,99.203.4.42,,,,,1,3,4,5,5,,,,,5,11,3,2,3,3,38,5,5,,,,,
10714878454,233176325,05/08/2019 04:02:46 AM,05/08/2019 04:05:34 AM,,,,,7bbb38ec73d81d3968f9d879bb,2,4,4,6,4,1,2,3,,5,6,3,2,1,5,68,5,5,5,1,1,9,4
10714877025,233176282,05/08/2019 03:57:10 AM,05/08/2019 04:04:38 AM,67.143.160.15,,,,,1,5,6,2,7,,,3,,,6,3,1,5,3,39,5,2,,,,,
10714875519,233176282,05/08/2019 04:00:59 AM,05/08/2019 04:03:37 AM,157.49.249.67,,,,,2,10,10,10,10,,,3,,5,6,10,2,3,2,29,4,1,,,,,
10714871468,233176282,05/08/2019 04:00:03 AM,05/08/2019 04:00:59 AM,42.116.79.100,,,,,1,5,3,7,4,1,2,3,,,3,5,1,5,2,25,7,5,,,,,
10714870920,233176282,05/08/2019 03:57:51 AM,05/08/2019 04:00:38 AM,71.223.112.238,,,,,2,9,10,10,3,,,,,5,10,6,1,3,4,59,4,5,,,,,
10714868641,233176282,05/08/2019 03:57:04 AM,05/08/2019 03:59:08 AM,85.203.46.128,,,,,1,7,5,6,7,,2,,,,2,7,2,4,2,28,5,5,,,,,
10714866684,233176282,05/08/2019 03:54:32 AM,05/08/2019 03:57:50 AM,75.176.83.168,,,,,1,8,9,9,9,1,,3,,5,10,8,2,4,4,48,3,5,,,,,
10714865926,233176325,05/08/2019 03:54:50 AM,05/08/2019 03:57:19 AM,,,,,9a51601a6958d0f39f98d65b82,2,6,6,7,4,,,,,,10,7,2,3,4,50,4,5,4,1,3,4,2
10714858395,233176325,05/08/2019 03:49:47 AM,05/08/2019 03:52:06 AM,,,,,ad5e93b0bc17ca423ab97d3af9,1,10,6,8,5,,,,,,10,7,1,4,4,51,4,5,4,2,4,4,1
10714853024,233176282,05/08/2019 03:40:34 AM,05/08/2019 03:48:26 AM,73.0.243.86,,,,,1,10,10,10,3,1,,3,,,11,1,2,3,3,36,5,5,,,,,
10714850931,233176282,05/08/2019 03:46:08 AM,05/08/2019 03:47:01 AM,108.17.138.153,,,,,2,10,10,8,10,,2,,,5,6,10,1,3,2,24,5,5,,,,,
10714850644,233176282,05/08/2019 03:45:38 AM,05/08/2019 03:46:50 AM,188.238.71.66,,,,,2,7,5,7,9,,2,,,,6,8,2,2,3,36,4,5,,,,,
10714848092,233176282,05/08/2019 03:40:28 AM,05/08/2019 03:45:07 AM,202.184.152.202,,,,,1,10,10,10,10,,2,,,,10,6,1,3,2,26,4,3,,,,,
10714845931,233176325,05/08/2019 03:40:29 AM,05/08/2019 03:43:36 AM,,,,,0b9f7fc527a1b47aa771e8bcc2,1,4,5,7,4,,2,,,5,4,8,2,5,4,59,4,5,4,1,5,2,1
10714845705,233176282,05/08/2019 03:40:15 AM,05/08/2019 03:43:26 AM,24.183.46.28,,,,,2,7,9,10,7,,2,3,,,10,4,1,3,2,24,4,5,,,,,
10714843899,233176282,05/08/2019 03:40:16 AM,05/08/2019 03:42:11 AM,108.77.159.58,,,,,3,4,8,8,9,,,,,5,10,9,1,4,3,34,3,5,,,,,
10714841657,233176282,05/08/2019 03:34:06 AM,05/08/2019 03:40:35 AM,75.109.152.27,,,,,1,9,7,10,9,,,,,,11,10,2,4,5,62,5,4,,,,,
10714839777,233176325,05/08/2019 03:35:29 AM,05/08/2019 03:39:12 AM,,,,,df8180b82c8b18a1b7a9fd4326,1,4,4,5,1,1,,,,5,2,4,2,7,2,42,4,5,3,1,2,5,1
10714839251,233176282,05/08/2019 03:37:36 AM,05/08/2019 03:38:49 AM,173.31.201.186,,,,,1,2,2,2,2,,,,,,10,5,1,3,4,50,6,5,,,,,
10714836247,233176325,05/08/2019 03:35:18 AM,05/08/2019 03:36:43 AM,,,,,e5b420a4ceac0aa9f95c214e87,1,9,5,5,4,,,,,5,10,7,1,4,2,21,5,4,2,2,4,9,1
10714835982,233176282,05/08/2019 03:35:00 AM,05/08/2019 03:36:31 AM,107.77.197.82,,,,,1,6,6,7,5,,2,,,,4,6,2,3,4,45,4,5,,,,,
10714833584,233176282,05/08/2019 03:32:41 AM,05/08/2019 03:34:48 AM,75.41.110.48,,,,,1,8,2,5,9,1,,,,,8,9,2,4,3,34,7,5,,,,,
10714831281,233176282,05/08/2019 03:26:18 AM,05/08/2019 03:33:16 AM,102.140.206.253,,,,,1,5,1,1,2,,,,,5,6,7,1,9,2,28,7,3,,,,,
10714831160,233176282,05/08/2019 03:27:29 AM,05/08/2019 03:33:12 AM,98.167.154.207,,,,,1,6,8,9,8,1,,3,,,2,9,1,3,4,49,4,5,,,,,
10714830720,233176282,05/08/2019 03:30:59 AM,05/08/2019 03:32:53 AM,172.112.52.7,,,,,1,8,6,6,6,,,3,,5,5,8,1,2,2,23,5,2,,,,,
10714828800,233176325,05/08/2019 03:27:26 AM,05/08/2019 03:31:35 AM,,,,,d6e0bc8fddb1742e1e232e6748,2,5,4,5,5,,,,,5,2,4,1,3,5,34,6,3,5,2,3,5,4
10714827199,233176282,05/08/2019 03:15:17 AM,05/08/2019 03:30:25 AM,191.96.97.58,,,,,1,5,6,6,3,1,,,,,9,6,2,6,3,36,4,3,,,,,
10714825905,233176325,05/08/2019 03:27:36 AM,05/08/2019 03:29:28 AM,,,,,fbe65a2cdd81943944e19485be,2,3,3,7,6,,2,,,,4,4,2,4,4,80,4,4,5,1,4,3,1
10714819296,233176282,05/08/2019 03:21:04 AM,05/08/2019 03:24:44 AM,87.0.75.130,,,,,2,7,4,5,4,,,,,5,6,8,2,2,3,41,4,5,,,,,
10714816560,233176282,05/08/2019 03:19:13 AM,05/08/2019 03:22:45 AM,192.200.24.19,,,,,3,2,2,9,8,1,,3,,,6,7,1,2,2,24,2,5,,,,,
10714814841,233176282,05/08/2019 03:20:18 AM,05/08/2019 03:21:28 AM,73.26.174.122,,,,,1,8,8,9,10,,2,,,5,6,5,1,3,4,45,5,5,,,,,
10714814738,233176282,05/08/2019 03:19:42 AM,05/08/2019 03:21:23 AM,94.185.52.156,,,,,1,8,5,9,5,1,2,3,,5,6,9,2,3,3,31,7,2,,,,,
10714814309,233176282,05/08/2019 03:18:52 AM,05/08/2019 03:21:03 AM,24.209.55.201,,,,,2,8,8,9,10,,,,,5,10,6,1,3,4,45,5,5,,,,,
10714813095,233176325,05/08/2019 03:18:20 AM,05/08/2019 03:20:09 AM,,,,,acba32a5273982f186bbb301fc,2,10,10,10,8,1,2,3,,,2,6,1,8,4,50,6,5,4,2,8,5,5
10714811056,233176282,05/08/2019 03:16:57 AM,05/08/2019 03:18:40 AM,184.195.89.204,,,,,1,7,8,9,8,,,3,,,11,7,1,7,4,46,5,5,,,,,
10714810325,233176282,05/08/2019 03:15:27 AM,05/08/2019 03:18:08 AM,107.77.205.91,,,,,2,9,5,9,7,,,,,5,12,8,2,5,4,53,4,5,,,,,
10714809918,233176282,05/08/2019 03:14:48 AM,05/08/2019 03:17:51 AM,88.201.94.136,,,,,3,9,7,9,7,1,,,,,5,9,1,1,3,31,7,2,,,,,
10714808262,233176282,05/08/2019 03:15:19 AM,05/08/2019 03:16:41 AM,173.73.40.156,,,,,2,5,8,8,7,,2,3,,,11,5,2,4,2,23,4,2,,,,,
10714807340,233176282,05/08/2019 03:09:06 AM,05/08/2019 03:16:00 AM,69.136.131.212,,,,,3,9,6,9,9,,,3,,,10,8,2,2,3,30,4,1,,,,,
10714806327,233176282,05/08/2019 03:14:05 AM,05/08/2019 03:15:16 AM,72.182.160.80,,,,,2,5,9,9,6,,,,,5,11,6,2,3,3,30,4,5,,,,,
10714805939,233176282,05/08/2019 03:12:12 AM,05/08/2019 03:15:01 AM,172.58.78.157,,,,,2,9,9,4,4,1,,3,,,1,3,1,4,3,35,4,5,,,,,
10714804334,233176325,05/08/2019 03:11:46 AM,05/08/2019 03:13:47 AM,,,,,d2d6c2536f90afd49f3e26f75f,2,10,10,1,1,,,,,5,10,5,1,2,4,52,6,5,4,2,2,1,2
10714799202,233176282,05/08/2019 03:09:04 AM,05/08/2019 03:10:06 AM,142.196.255.46,,,,,2,10,10,10,10,,,,,5,4,10,2,5,2,22,5,5,,,,,
10714798527,233176282,05/08/2019 03:08:36 AM,05/08/2019 03:09:37 AM,97.124.179.161,,,,,1,6,5,7,7,,2,,,,4,5,2,3,2,29,4,5,,,,,
10714796561,233176282,05/08/2019 03:05:56 AM,05/08/2019 03:08:12 AM,108.238.14.141,,,,,3,7,10,10,5,,2,,,,2,5,1,4,4,47,5,5,,,,,
10714794596,233176282,05/08/2019 03:05:14 AM,05/08/2019 03:06:47 AM,68.0.235.220,,,,,2,10,8,10,3,,,,,,10,10,2,3,3,33,5,5,,,,,
10714792404,233176282,05/08/2019 03:03:28 AM,05/08/2019 03:05:14 AM,71.207.149.156,,,,,2,9,10,10,6,1,,3,,,10,5,1,5,4,46,5,5,,,,,
10714792288,233176282,05/08/2019 03:03:23 AM,05/08/2019 03:05:10 AM,172.91.86.202,,,,,3,8,8,8,9,,,,,5,6,7,2,4,2,24,4,2,,,,,
10714790337,233176282,05/08/2019 03:02:27 AM,05/08/2019 03:03:47 AM,49.149.128.89,,,,,1,7,9,9,8,1,,3,,5,2,7,1,2,2,27,6,2,,,,,
10714789918,233176282,05/08/2019 03:02:16 AM,05/08/2019 03:03:30 AM,87.192.247.65,,,,,2,8,6,7,8,1,2,3,4,5,8,8,1,7,3,35,4,5,,,,,
10714789829,233176325,05/08/2019 02:59:00 AM,05/08/2019 03:03:26 AM,,,,,fc0b0d27ed4e18e7c119603b4d,3,6,5,6,7,,,,,5,10,8,1,1,4,58,7,5,4,2,1,7,1
10714787890,233176282,05/08/2019 02:59:43 AM,05/08/2019 03:02:04 AM,75.137.152.180,,,,,2,6,7,8,9,,,,,,1,9,2,2,3,39,4,5,,,,,
10714786589,233176325,05/08/2019 02:59:52 AM,05/08/2019 03:01:12 AM,,,,,2df951fd85e2aa4ce78284ea82,2,7,9,7,6,1,2,,,,6,7,2,3,2,24,4,5,2,1,3,3,2
10714785783,233176282,05/08/2019 02:58:46 AM,05/08/2019 03:00:35 AM,76.169.110.192,,,,,2,6,5,6,6,,,,,,12,8,2,3,3,32,4,5,,,,,
10714785293,233176325,05/08/2019 02:57:30 AM,05/08/2019 03:00:15 AM,,,,,b9efe068fdd1e3b26d231c8ba1,2,7,7,10,7,,,,,5,8,7,2,6,5,68,4,5,5,1,7,9,4
10714784684,233176282,05/08/2019 02:57:57 AM,05/08/2019 02:59:45 AM,24.20.124.0,,,,,3,6,8,5,9,,,,,,10,9,2,3,3,30,3,5,,,,,
10714781893,233176282,05/08/2019 02:55:30 AM,05/08/2019 02:57:43 AM,157.50.26.65,,,,,1,9,10,8,9,,,,4,,3,9,2,3,2,29,6,2,,,,,
10714780394,233176282,05/08/2019 02:54:52 AM,05/08/2019 02:56:35 AM,24.134.235.253,,,,,2,9,5,9,9,1,2,3,4,5,6,7,2,3,3,31,3,5,,,,,
10714779074,233176282,05/08/2019 02:53:47 AM,05/08/2019 02:55:31 AM,73.167.18.130,,,,,1,2,3,8,3,,,,,,11,3,2,4,3,39,5,5,,,,,
10714774094,233176282,05/08/2019 02:49:53 AM,05/08/2019 02:51:35 AM,172.58.70.162,,,,,2,7,9,9,6,1,2,,,,6,8,2,3,3,39,4,5,,,,,
10714773961,233176282,05/08/2019 02:50:11 AM,05/08/2019 02:51:28 AM,72.234.160.168,,,,,1,7,6,7,6,1,2,,,,4,7,2,10,3,33,5,2,,,,,
10714773736,233176325,05/08/2019 02:48:59 AM,05/08/2019 02:51:18 AM,,,,,72b1158653a4c831a65f6bcdbc,1,6,7,8,7,,,,,5,10,8,1,5,5,68,5,1,5,2,5,7,1
10714767939,233176325,05/08/2019 02:44:03 AM,05/08/2019 02:46:43 AM,,,,,91317e5f62e08501f19cfc808a,3,1,1,1,1,,,3,,5,10,1,1,5,4,46,4,2,4,2,5,2,2
10714764707,233176282,05/08/2019 02:40:24 AM,05/08/2019 02:44:10 AM,107.15.144.116,,,,,1,8,7,8,3,,,3,,,8,2,2,3,3,32,4,5,,,,,
10714763047,233176282,05/08/2019 02:41:00 AM,05/08/2019 02:42:52 AM,47.148.167.203,,,,,2,7,4,9,8,,2,,,5,5,9,2,5,2,28,4,5,,,,,
10714761719,233176282,05/08/2019 02:40:21 AM,05/08/2019 02:41:52 AM,24.205.166.171,,,,,2,10,10,8,6,1,2,,,5,6,5,2,3,3,38,5,4,,,,,
10714761588,233176282,05/08/2019 02:39:52 AM,05/08/2019 02:41:46 AM,68.33.93.6,,,,,2,10,7,10,1,1,2,,,,10,3,1,3,2,23,4,3,,,,,
10714761210,233176282,05/08/2019 02:34:26 AM,05/08/2019 02:41:28 AM,162.238.11.21,,,,,2,9,8,5,7,,,,,5,11,8,2,8,2,20,4,4,,,,,
10714760696,233176325,05/08/2019 02:38:05 AM,05/08/2019 02:41:02 AM,,,,,6c9a78c9a2f3e046fbd0f1bd61,1,10,6,5,9,,,,,5,10,6,2,6,4,45,5,5,4,1,6,5,1
10714759091,233176282,05/08/2019 02:38:24 AM,05/08/2019 02:39:47 AM,124.122.41.73,,,,,1,6,8,5,7,,,,,5,4,7,2,5,3,31,4,5,,,,,
10714758569,233176282,05/08/2019 02:38:08 AM,05/08/2019 02:39:22 AM,100.7.42.168,,,,,1,10,7,8,9,1,2,3,,,11,6,2,3,4,52,4,5,,,,,
10714758557,233176282,05/08/2019 02:37:21 AM,05/08/2019 02:39:21 AM,99.8.108.50,,,,,1,10,8,8,1,,,,,5,5,10,1,4,3,36,5,5,,,,,
10714757361,233176282,05/08/2019 02:35:06 AM,05/08/2019 02:38:51 AM,99.67.160.193,,,,,1,6,8,8,6,,,3,,,6,7,1,4,5,63,4,3,,,,,
10714757345,233176282,05/08/2019 02:34:46 AM,05/08/2019 02:38:24 AM,98.235.77.27,,,,,2,8,8,8,7,1,,,,,11,9,1,3,4,56,5,5,,,,,
10714756669,233176282,05/08/2019 02:36:52 AM,05/08/2019 02:37:51 AM,98.207.67.198,,,,,1,8,2,8,9,1,2,,,5,2,8,2,4,2,29,5,2,,,,,
10714756377,233176325,05/08/2019 02:34:30 AM,05/08/2019 02:37:38 AM,,,,,7b570a4050195f2652fc03d878,2,5,5,4,3,1,,,,,10,5,2,4,4,52,3,4,4,1,4,7,2
10714756303,233176282,05/08/2019 02:35:10 AM,05/08/2019 02:37:35 AM,35.138.19.128,,,,,2,8,5,5,7,1,2,3,,,4,7,1,2,3,33,3,4,,,,,
10714754949,233176325,05/08/2019 02:31:05 AM,05/08/2019 02:38:52 AM,,,,,4b3d1bb2800f803e0b7c50a2d5,3,5,7,7,5,,,,,5,10,5,2,3,5,78,4,5,5,1,3,9,1
10714752222,233176282,05/08/2019 02:32:29 AM,05/08/2019 02:34:15 AM,71.162.176.106,,,,,1,8,10,10,10,1,2,3,,,10,10,1,5,3,42,7,3,,,,,
10714752064,233176282,05/08/2019 02:32:21 AM,05/08/2019 02:34:07 AM,184.18.71.126,,,,,2,7,7,7,7,,,,,5,8,7,2,3,3,34,3,5,,,,,
10714751125,233176325,05/08/2019 02:31:51 AM,05/08/2019 02:33:21 AM,,,,,d8c3caf494dc8d243c0bdba44a,1,5,4,3,9,1,2,3,,5,6,10,1,10,4,46,7,2,4,2,11,9,1
10714750806,233176282,05/08/2019 02:32:04 AM,05/08/2019 02:33:06 AM,66.91.24.17,,,,,2,7,6,5,3,1,2,3,,,2,4,1,3,2,27,5,5,,,,,
10714748727,233176282,05/08/2019 02:29:39 AM,05/08/2019 02:31:27 AM,96.58.200.155,,,,,3,7,7,7,7,1,2,,,,2,6,1,4,4,58,5,3,,,,,
10714748481,233176282,05/08/2019 02:29:37 AM,05/08/2019 02:31:15 AM,96.40.4.179,,,,,1,5,2,3,1,,,,,5,2,3,2,7,3,39,7,5,,,,,
10714743003,233176282,05/08/2019 02:24:26 AM,05/08/2019 02:27:00 AM,107.9.176.75,,,,,1,9,8,10,9,1,,,4,5,6,10,3,3,4,48,5,5,,,,,
10714742361,233176282,05/08/2019 02:24:59 AM,05/08/2019 02:26:29 AM,75.13.139.146,,,,,1,8,6,8,10,,2,,,,10,10,2,3,3,37,3,5,,,,,
10714742262,233176282,05/08/2019 02:23:59 AM,05/08/2019 02:26:24 AM,49.146.12.199,,,,,3,10,10,10,10,,2,,,,5,10,1,4,3,33,4,2,,,,,
10714741564,233176282,05/08/2019 02:23:50 AM,05/08/2019 02:25:51 AM,49.34.124.176,,,,,1,8,7,8,9,,,,,5,8,7,2,3,2,27,3,2,,,,,
10714741054,233176325,05/08/2019 02:23:21 AM,05/08/2019 02:25:49 AM,,,,,4f60a305a8d76e16c1b74c3d1f,2,9,10,10,10,,,,,5,2,10,1,3,2,29,4,5,2,2,2,9,2
10714740370,233176325,05/08/2019 02:23:44 AM,05/08/2019 02:24:58 AM,,,,,250538ad1d957a7ac50d77e5b5,1,1,2,4,3,,,,4,5,5,2,2,2,2,19,3,3,2,1,2,5,2
10714740329,233176325,05/08/2019 02:23:26 AM,05/08/2019 02:27:57 AM,,,,,a34db6132ce206cd99e05797b6,2,2,4,4,5,,2,,4,,10,5,3,8,5,39,4,3,2,2,11,2,1
10714740034,233176325,05/08/2019 02:22:32 AM,05/08/2019 02:24:43 AM,,,,,8bc519c7a06ba9510e715c0cc1,3,10,5,10,5,,,,,,10,7,1,3,4,47,5,5,4,2,3,7,1
10714739715,233176282,05/08/2019 02:21:53 AM,05/08/2019 02:24:29 AM,154.153.146.9,,,,,1,10,9,10,10,,,,,5,4,10,1,4,3,37,6,3,,,,,
10714739709,233176282,05/08/2019 02:22:33 AM,05/08/2019 02:24:28 AM,50.4.146.97,,,,,2,10,10,10,6,,2,,,,10,6,1,2,3,35,4,5,,,,,
10714737900,233176282,05/08/2019 02:21:24 AM,05/08/2019 02:23:09 AM,72.197.169.10,,,,,1,5,7,8,7,1,2,3,4,5,6,9,2,4,3,35,4,5,,,,,
10714736656,233176282,05/08/2019 02:18:37 AM,05/08/2019 02:22:14 AM,157.43.17.200,,,,,1,9,8,6,8,1,,,4,5,6,7,2,2,2,24,7,2,,,,,
10714736240,233176282,05/08/2019 02:09:16 AM,05/08/2019 02:21:57 AM,115.111.223.67,,,,,1,3,8,9,6,,2,3,,,8,6,2,3,3,30,6,2,,,,,
10714736228,233176282,05/08/2019 02:17:36 AM,05/08/2019 02:21:57 AM,24.88.114.198,,,,,2,2,3,4,6,1,,,,5,8,7,2,4,5,62,6,5,,,,,
10714735977,233176282,05/08/2019 02:19:20 AM,05/08/2019 02:21:44 AM,174.80.5.3,,,,,1,10,8,8,8,1,,3,,,10,10,1,3,3,40,5,5,,,,,
10714735737,233176282,05/08/2019 02:02:18 AM,05/08/2019 02:21:34 AM,174.224.132.23,,,,,1,10,9,10,8,,,,4,5,4,10,2,4,2,28,5,5,,,,,
10714734469,233176282,05/08/2019 02:10:13 AM,05/08/2019 02:20:41 AM,108.18.65.12,,,,,1,4,2,10,9,1,2,,,,6,10,1,4,3,36,5,3,,,,,
10714734248,233176282,05/08/2019 02:18:54 AM,05/08/2019 02:20:32 AM,74.95.7.254,,,,,1,10,10,10,10,1,2,,,,12,1,2,3,3,31,4,5,,,,,
10714733797,233176282,05/08/2019 02:16:15 AM,05/08/2019 02:20:12 AM,71.222.144.228,,,,,2,6,7,7,8,1,,,,,1,7,1,2,5,69,3,5,,,,,
10714733044,233176282,05/08/2019 02:18:01 AM,05/08/2019 02:19:39 AM,24.19.56.206,,,,,1,8,10,10,6,1,2,3,,5,8,1,2,3,3,41,4,5,,,,,
10714732967,233176282,05/08/2019 02:17:12 AM,05/08/2019 02:19:35 AM,192.145.127.206,,,,,1,9,9,9,9,1,2,,,5,6,8,2,1,3,36,3,5,,,,,
10714732470,233176282,05/08/2019 02:17:34 AM,05/08/2019 02:19:14 AM,108.67.12.201,,,,,2,7,7,7,5,,,,,5,2,4,1,2,3,34,7,5,,,,,
10714731958,233176282,05/08/2019 02:08:30 AM,05/08/2019 02:18:53 AM,41.80.205.239,,,,,2,8,7,9,9,1,2,3,,,5,9,2,4,3,33,5,3,,,,,
10714730666,233176282,05/08/2019 02:17:08 AM,05/08/2019 02:17:55 AM,71.80.236.150,,,,,1,10,6,5,8,,2,,,,11,5,2,5,2,26,5,5,,,,,
10714730616,233176282,05/08/2019 02:16:23 AM,05/08/2019 02:17:52 AM,75.139.160.114,,,,,1,4,2,4,3,,,,,5,2,5,1,3,3,38,5,5,,,,,
10714730464,233176282,05/08/2019 02:16:00 AM,05/08/2019 02:17:45 AM,73.19.204.171,,,,,1,7,9,8,8,1,2,,,,12,6,2,4,3,40,4,5,,,,,
10714730400,233176282,05/08/2019 02:10:53 AM,05/08/2019 02:17:42 AM,106.208.85.191,,,,,1,7,8,7,6,1,,3,,5,6,7,2,3,2,24,5,2,,,,,
10714728593,233176282,05/08/2019 02:14:53 AM,05/08/2019 02:16:21 AM,99.178.253.71,,,,,2,9,7,10,8,1,,,,,10,10,2,3,4,55,5,5,,,,,
10714728560,233176282,05/08/2019 02:15:28 AM,05/08/2019 02:16:20 AM,68.100.174.128,,,,,1,6,10,8,10,,2,3,,5,6,10,2,4,2,24,5,5,,,,,
10714727849,233176282,05/08/2019 02:12:52 AM,05/08/2019 02:15:48 AM,73.109.56.169,,,,,2,10,10,10,1,1,2,,,5,6,6,1,2,3,44,5,5,,,,,
10714727116,233176325,05/08/2019 02:13:38 AM,05/08/2019 02:15:13 AM,,,,,c193832cee59ec97ca605e208b,2,6,8,6,3,1,,,,,10,7,1,2,4,54,4,5,4,2,2,7,1
10714726805,233176282,05/08/2019 02:13:58 AM,05/08/2019 02:14:58 AM,97.90.208.145,,,,,1,8,10,8,3,,2,3,4,5,6,6,2,4,3,37,5,5,,,,,
10714726569,233176282,05/08/2019 02:11:01 AM,05/08/2019 02:14:48 AM,73.184.142.159,,,,,1,6,6,9,8,,,3,,,6,10,2,3,4,45,4,5,,,,,
10714726291,233176282,05/08/2019 02:12:17 AM,05/08/2019 02:14:34 AM,70.37.196.203,,,,,1,8,9,10,7,,,,,,2,7,1,5,3,36,5,5,,,,,
10714725144,233176282,05/08/2019 02:11:54 AM,05/08/2019 02:13:40 AM,73.1.68.50,,,,,2,7,6,8,6,,2,3,,,6,7,2,3,2,27,4,3,,,,,
10714724915,233176282,05/08/2019 02:10:06 AM,05/08/2019 02:13:30 AM,73.177.166.220,,,,,1,8,8,7,7,,,,,,8,7,2,4,2,29,4,4,,,,,
10714724180,233176282,05/08/2019 02:11:36 AM,05/08/2019 02:12:56 AM,173.88.117.174,,,,,2,3,7,8,8,1,2,3,,5,10,8,2,2,2,24,5,2,,,,,
10714723724,233176282,05/08/2019 02:11:01 AM,05/08/2019 02:12:37 AM,179.156.132.59,,,,,1,10,5,9,8,1,2,,,,11,8,2,5,2,20,7,4,,,,,
10714723551,233176282,05/08/2019 02:10:50 AM,05/08/2019 02:12:29 AM,76.117.162.199,,,,,1,10,10,10,9,,2,,,5,10,8,2,5,3,41,5,3,,,,,
10714722380,233176325,05/08/2019 02:10:03 AM,05/08/2019 02:11:34 AM,,,,,896dfc5f0e245af82aa8451f64,1,9,9,9,9,,2,,,,1,8,2,4,4,45,4,4,4,1,4,4,1
10714721238,233176282,05/08/2019 02:09:35 AM,05/08/2019 02:10:41 AM,165.225.0.192,,,,,2,7,4,8,5,,2,,,,8,5,1,4,2,26,3,5,,,,,
10714720952,233176282,05/08/2019 02:07:34 AM,05/08/2019 02:10:26 AM,32.217.5.227,,,,,3,4,6,7,5,,,,,,10,10,1,4,4,50,5,5,,,,,
10714720670,233176282,05/08/2019 02:09:14 AM,05/08/2019 02:10:12 AM,70.187.80.244,,,,,2,6,7,7,6,1,2,3,4,5,6,5,2,5,2,26,7,5,,,,,
10714719887,233176282,05/08/2019 02:07:27 AM,05/08/2019 02:09:33 AM,216.57.175.37,,,,,1,4,4,8,7,1,2,,,,11,10,2,4,3,36,3,5,,,,,
10714718973,233176282,05/08/2019 02:06:01 AM,05/08/2019 02:08:51 AM,104.186.234.163,,,,,1,7,8,7,7,1,2,3,,,6,5,1,4,4,52,7,3,,,,,
10714718527,233176282,05/08/2019 02:06:48 AM,05/08/2019 02:08:32 AM,49.206.115.19,,,,,2,9,9,9,10,,,,4,,6,8,2,1,2,28,4,2,,,,,
10714717850,233176282,05/08/2019 02:06:16 AM,05/08/2019 02:07:59 AM,24.107.191.113,,,,,2,6,6,5,7,,2,,,,10,8,1,3,3,31,4,5,,,,,
10714717826,233176282,05/08/2019 02:06:10 AM,05/08/2019 02:07:58 AM,104.185.203.70,,,,,2,2,3,3,7,,2,,,,7,9,2,3,3,38,7,2,,,,,
10714716509,233176282,05/08/2019 02:05:59 AM,05/08/2019 02:06:56 AM,104.238.59.98,,,,,2,7,7,8,9,,,3,,,11,8,1,4,2,24,7,4,,,,,
10714716326,233176325,05/08/2019 02:04:49 AM,05/08/2019 02:06:47 AM,,,,,14d762e08dc163fa8fff587f87,2,4,5,8,5,,,,,,8,1,1,2,4,54,1,5,4,2,2,9,2
10714716307,233176282,05/08/2019 02:05:10 AM,05/08/2019 02:06:46 AM,73.51.142.54,,,,,2,10,10,10,7,,,,,5,11,8,2,4,2,28,4,5,,,,,
10714716055,233176282,05/08/2019 02:04:28 AM,05/08/2019 02:06:34 AM,73.231.182.170,,,,,2,3,4,5,4,,2,3,,5,5,5,1,4,4,56,6,2,,,,,
10714715752,233176282,05/08/2019 02:04:28 AM,05/08/2019 02:06:18 AM,24.45.7.187,,,,,1,5,3,1,5,1,2,3,4,5,6,10,2,4,3,37,5,2,,,,,
10714714402,233176282,05/08/2019 02:02:57 AM,05/08/2019 02:05:08 AM,183.83.139.200,,,,,1,8,9,10,10,1,2,3,,5,6,8,2,10,3,31,7,2,,,,,
10714714330,233176282,05/08/2019 01:59:46 AM,05/08/2019 02:05:05 AM,71.28.236.224,,,,,1,6,8,10,5,1,,3,,,11,2,2,3,3,43,5,5,,,,,
10714714288,233176282,05/08/2019 02:01:43 AM,05/08/2019 02:05:03 AM,106.200.146.134,,,,,3,6,8,10,10,,,,,5,1,7,2,3,2,27,3,1,,,,,
10714714173,233176282,05/08/2019 01:56:32 AM,05/08/2019 02:04:58 AM,174.65.81.86,,,,,2,8,7,8,9,1,2,,,,6,8,2,3,3,40,4,5,,,,,
10714714126,233176282,05/08/2019 02:02:45 AM,05/08/2019 02:04:55 AM,98.219.125.65,,,,,2,10,10,10,8,1,2,,,5,6,10,2,6,3,30,5,5,,,,,
10714713877,233176282,05/08/2019 02:03:37 AM,05/08/2019 02:04:43 AM,157.46.9.73,,,,,1,5,6,5,6,,,,,5,4,5,2,3,3,30,6,2,,,,,
10714713686,233176282,05/08/2019 02:03:08 AM,05/08/2019 02:04:35 AM,204.195.9.83,,,,,1,5,3,4,5,,,,,,4,8,1,5,3,43,5,5,,,,,
10714713302,233176282,05/08/2019 02:02:30 AM,05/08/2019 02:04:14 AM,209.62.202.45,,,,,2,3,9,6,6,1,,,,,11,9,1,2,3,35,1,5,,,,,
10714711851,233176282,05/08/2019 02:00:30 AM,05/08/2019 02:03:00 AM,106.198.26.65,,,,,1,6,6,5,5,,,,,5,4,5,2,2,3,35,6,2,,,,,
10714711814,233176282,05/08/2019 02:01:22 AM,05/08/2019 02:02:58 AM,84.117.160.26,,,,,2,10,10,10,10,1,2,3,4,5,8,10,2,2,3,32,7,5,,,,,
10714711707,233176325,05/08/2019 02:00:52 AM,05/08/2019 02:02:52 AM,,,,,c0e73c07b0b7635be5e6f1558c,2,2,5,5,8,,,,,,11,10,2,3,5,61,5,5,5,1,3,2,5
10714711681,233176282,05/08/2019 02:00:37 AM,05/08/2019 02:02:51 AM,37.120.132.194,,,,,2,6,7,5,5,,2,,,5,12,6,2,4,4,52,7,2,,,,,
10714711650,233176282,05/08/2019 01:59:14 AM,05/08/2019 02:02:49 AM,73.98.238.176,,,,,2,8,8,10,4,1,,3,,5,6,5,1,6,4,57,4,5,,,,,
10714711509,233176282,05/08/2019 02:01:23 AM,05/08/2019 02:02:42 AM,76.125.139.110,,,,,1,5,3,5,10,,2,3,,5,10,3,2,3,2,29,7,5,,,,,
10714711416,233176282,05/08/2019 01:51:33 AM,05/08/2019 02:02:37 AM,64.121.85.105,,,,,2,7,6,6,7,,2,,,,6,7,2,5,3,38,5,5,,,,,
10714711405,233176282,05/08/2019 02:01:24 AM,05/08/2019 02:02:36 AM,66.85.17.230,,,,,2,9,7,10,10,,2,3,,,6,8,1,6,3,36,4,5,,,,,
10714711338,233176282,05/08/2019 02:01:37 AM,05/08/2019 02:02:32 AM,98.224.27.4,,,,,2,5,5,8,5,,2,,,,10,4,2,5,2,22,5,5,,,,,
10714711132,233176282,05/08/2019 02:01:09 AM,05/08/2019 02:02:23 AM,76.214.149.168,,,,,2,8,5,4,8,,2,3,,5,11,5,2,3,2,29,5,3,,,,,
10714710346,233176282,05/08/2019 02:00:09 AM,05/08/2019 02:01:40 AM,174.27.209.126,,,,,3,10,7,10,10,,2,3,,,6,3,2,2,3,41,2,5,,,,,
10714710294,233176282,05/08/2019 01:59:53 AM,05/08/2019 02:01:37 AM,97.85.204.65,,,,,2,7,8,5,4,,,,,,2,1,1,2,3,31,4,5,,,,,
10714709852,233176282,05/08/2019 01:58:59 AM,05/08/2019 02:01:15 AM,27.6.177.2,,,,,2,7,6,8,9,1,2,3,,5,6,8,2,3,2,25,5,2,,,,,
10714709757,233176282,05/08/2019 01:56:15 AM,05/08/2019 02:01:11 AM,47.137.188.28,,,,,1,6,5,6,7,,,3,,5,10,8,1,4,4,56,6,4,,,,,
10714709608,233176282,05/08/2019 01:59:19 AM,05/08/2019 02:01:03 AM,67.174.144.138,,,,,1,3,6,9,6,,,,,5,4,10,2,6,3,34,5,5,,,,,
10714709427,233176282,05/08/2019 01:59:05 AM,05/08/2019 02:00:55 AM,108.211.159.34,,,,,2,8,6,8,9,,2,3,,5,6,4,2,6,2,25,5,3,,,,,
10714709058,233176282,05/08/2019 01:59:36 AM,05/08/2019 02:00:36 AM,71.231.229.30,,,,,3,10,7,7,3,1,2,3,4,5,8,10,1,3,3,37,6,5,,,,,
10714708532,233176282,05/08/2019 01:58:08 AM,05/08/2019 02:00:07 AM,100.15.240.154,,,,,2,4,6,9,2,1,,3,,5,2,6,2,4,3,39,7,5,,,,,
10714708314,233176282,05/08/2019 01:58:36 AM,05/08/2019 01:59:57 AM,23.112.114.15,,,,,1,10,10,10,10,,2,3,,5,6,5,2,4,2,33,5,3,,,,,
10714708191,233176282,05/08/2019 01:58:45 AM,05/08/2019 01:59:50 AM,100.37.101.232,,,,,2,9,6,7,9,,,,,,4,7,2,5,3,37,5,2,,,,,
10714707829,233176282,05/08/2019 01:51:40 AM,05/08/2019 01:59:33 AM,73.169.159.58,,,,,1,8,7,9,10,1,2,3,,5,6,8,2,3,2,29,5,5,,,,,
10714707632,233176282,05/08/2019 01:57:40 AM,05/08/2019 01:59:22 AM,71.223.8.188,,,,,2,10,10,4,4,,,,,,11,4,1,2,2,26,3,5,,,,,
10714707598,233176282,05/08/2019 01:57:44 AM,05/08/2019 01:59:20 AM,66.74.8.73,,,,,2,6,8,10,8,,2,,,,6,7,2,6,2,23,4,4,,,,,
10714706759,233176282,05/08/2019 01:56:56 AM,05/08/2019 01:58:37 AM,115.42.121.106,,,,,1,7,7,6,7,,,,,5,10,7,2,4,4,57,6,2,,,,,
10714705704,233176282,05/08/2019 01:55:21 AM,05/08/2019 01:57:43 AM,75.65.120.116,,,,,2,7,6,5,5,,2,,,,6,6,1,2,3,44,5,5,,,,,
10714705691,233176282,05/08/2019 01:55:59 AM,05/08/2019 01:57:42 AM,73.227.222.115,,,,,2,6,5,6,7,,2,,,,10,9,2,3,3,33,5,5,,,,,
10714705637,233176282,05/08/2019 01:56:45 AM,05/08/2019 01:57:40 AM,71.75.228.170,,,,,3,10,10,10,10,,2,,,,6,7,1,4,2,27,3,3,,,,,
10714705514,233176282,05/08/2019 01:53:33 AM,05/08/2019 01:57:33 AM,103.226.85.179,,,,,1,8,10,7,7,,2,,,5,6,8,1,3,2,28,7,2,,,,,
10714705406,233176282,05/08/2019 01:54:47 AM,05/08/2019 01:57:28 AM,162.193.23.43,,,,,2,8,8,8,8,1,2,3,,,4,7,2,3,2,28,5,5,,,,,
10714705061,233176282,05/08/2019 01:55:48 AM,05/08/2019 01:57:09 AM,70.176.4.129,,,,,1,8,8,9,7,,2,,,,11,5,1,4,4,56,5,5,,,,,
10714704929,233176282,05/08/2019 01:53:40 AM,05/08/2019 01:57:02 AM,122.3.232.202,,,,,2,8,10,10,10,,,,,5,12,6,2,4,4,48,4,5,,,,,
10714704250,233176282,05/08/2019 01:54:34 AM,05/08/2019 01:56:26 AM,75.108.55.13,,,,,2,6,9,5,10,,,,,5,11,4,1,1,3,34,4,3,,,,,
10714704218,233176282,05/08/2019 01:54:20 AM,05/08/2019 01:56:24 AM,98.127.129.94,,,,,2,7,9,10,9,1,2,,,5,6,8,2,3,3,30,5,5,,,,,
10714704149,233176282,05/08/2019 01:55:00 AM,05/08/2019 01:56:20 AM,68.205.182.234,,,,,2,5,10,7,10,,2,,,,10,3,2,6,3,32,3,5,,,,,
10714704107,233176282,05/08/2019 01:52:33 AM,05/08/2019 01:56:18 AM,68.50.79.187,,,,,2,8,10,10,7,,2,,,,11,8,2,2,5,63,4,5,,,,,
10714703960,233176282,05/08/2019 01:54:04 AM,05/08/2019 01:56:10 AM,71.212.38.20,,,,,2,10,9,10,6,,2,,,,10,10,2,4,3,37,3,5,,,,,
10714703741,233176282,05/08/2019 01:53:31 AM,05/08/2019 01:55:59 AM,157.46.40.254,,,,,1,7,8,8,7,1,,,,,4,8,2,2,2,25,6,2,,,,,
10714703738,233176282,05/08/2019 01:54:22 AM,05/08/2019 01:55:59 AM,216.106.39.5,,,,,2,7,8,9,6,1,2,3,,,11,3,1,3,3,43,5,5,,,,,
10714703639,233176282,05/08/2019 01:54:38 AM,05/08/2019 01:55:53 AM,24.176.204.174,,,,,2,8,6,8,5,,,3,,5,4,3,2,4,3,30,5,2,,,,,
10714703478,233176282,05/08/2019 01:52:29 AM,05/08/2019 01:55:44 AM,107.182.43.11,,,,,3,5,7,8,8,1,2,3,4,5,6,6,2,3,3,34,4,5,,,,,
10714703067,233176282,05/08/2019 01:51:48 AM,05/08/2019 01:55:24 AM,73.191.229.247,,,,,2,10,10,8,6,,,,,,10,6,1,4,2,24,3,5,,,,,
10714703004,233176282,05/08/2019 01:53:21 AM,05/08/2019 01:55:20 AM,157.51.25.174,,,,,1,5,5,5,8,1,2,3,,5,6,8,2,3,3,31,6,2,,,,,
10714702665,233176282,05/08/2019 01:53:24 AM,05/08/2019 01:55:02 AM,95.114.33.137,,,,,1,8,8,8,8,1,2,3,,,8,6,2,4,2,26,5,2,,,,,
10714702367,233176282,05/08/2019 01:52:08 AM,05/08/2019 01:54:44 AM,107.185.165.215,,,,,2,7,8,8,7,1,2,3,,,10,5,1,3,3,34,7,5,,,,,
10714702212,233176282,05/08/2019 01:53:16 AM,05/08/2019 01:54:35 AM,24.10.22.33,,,,,2,10,9,8,6,,2,,,,10,5,2,7,5,67,4,5,,,,,
10714702078,233176282,05/08/2019 01:52:56 AM,05/08/2019 01:54:28 AM,75.32.5.219,,,,,2,10,6,10,4,,2,,,5,6,6,2,4,4,45,5,5,,,,,
10714701882,233176282,05/08/2019 01:53:20 AM,05/08/2019 01:54:16 AM,162.231.57.35,,,,,2,7,6,7,7,,,,,,8,8,2,4,3,35,5,5,,,,,
10714701626,233176282,05/08/2019 01:52:31 AM,05/08/2019 01:54:03 AM,173.17.203.233,,,,,2,10,6,10,10,,,,,5,6,7,1,3,3,36,5,5,,,,,
10714701623,233176282,05/08/2019 01:52:55 AM,05/08/2019 01:54:03 AM,73.153.36.122,,,,,1,6,5,5,5,,,,,,11,6,2,6,4,50,7,5,,,,,
10714701487,233176282,05/08/2019 01:52:29 AM,05/08/2019 01:53:55 AM,73.189.180.66,,,,,1,7,8,10,9,1,2,,,,6,5,2,10,3,35,5,2,,,,,
10714701422,233176282,05/08/2019 01:52:27 AM,05/08/2019 01:53:51 AM,100.38.7.22,,,,,2,4,3,7,5,,2,,,5,6,7,2,3,2,23,4,2,,,,,
10714701319,233176282,05/08/2019 01:51:48 AM,05/08/2019 01:53:45 AM,75.27.4.111,,,,,2,9,10,8,7,,,,,5,6,10,2,3,4,45,5,5,,,,,
10714701266,233176282,05/08/2019 01:52:33 AM,05/08/2019 01:53:43 AM,73.95.137.75,,,,,1,9,9,9,9,,,,4,,9,9,1,8,4,52,6,2,,,,,
10714700936,233176282,05/08/2019 01:52:12 AM,05/08/2019 01:53:23 AM,12.185.249.139,,,,,2,9,10,10,9,,,,,,1,2,2,3,2,26,3,5,,,,,
10714700738,233176282,05/08/2019 01:51:49 AM,05/08/2019 01:53:13 AM,107.5.199.80,,,,,2,7,7,9,9,1,2,3,4,5,10,5,1,3,3,36,5,5,,,,,
10714700486,233176282,05/08/2019 01:51:41 AM,05/08/2019 01:52:58 AM,24.55.12.152,,,,,1,1,1,1,7,1,,,,5,10,7,2,3,2,28,5,2,,,,,
10714699725,233176325,05/08/2019 01:50:26 AM,05/08/2019 01:52:15 AM,,,,,c4f44300944756bb6563de0afb,1,1,5,6,5,,,,,,5,1,1,7,4,52,6,5,4,2,7,4,1
10714699064,233176325,05/08/2019 01:48:44 AM,05/08/2019 01:51:39 AM,,,,,d3f9e6aa81c8ab62cdb4fc939e,1,6,5,6,5,1,2,,,,10,4,2,6,4,51,4,5,4,1,6,9,1
10714697916,233176325,05/08/2019 01:47:18 AM,05/08/2019 01:50:36 AM,,,,,9f453f468c2b298d0e5eedb9c9,3,5,5,3,3,,,,,,11,1,1,10,5,70,7,5,5,2,10,9,4
10714696835,233176325,05/08/2019 01:47:11 AM,05/08/2019 01:49:40 AM,,,,,1d7ade657f579c80db6abcf287,3,7,7,3,5,,,,,5,2,6,2,6,2,20,4,5,2,1,6,8,2
10714695066,233176325,05/08/2019 01:47:22 AM,05/08/2019 01:48:04 AM,,,,,9819047a1d8305e449166f6293,2,2,5,8,8,,,3,,,7,7,3,7,4,31,8,5,2,2,2,9,1
